ID,BAD
1,Default
2,Default
3,Default
4,Default
5,Repaid
6,Default
6,Default
7,Default
8,Default
9,Default
10,Default
11,Default
12,Default
13,Default
14,Repaid
15,Default
16,default
17,Default
18,Default
19,Default
20,Repaid
21,Default
22,Default
23,Default
24,Default
25,Default
26,Default
26,Default
27,Repaid
27,Repaid
28,Default
29,Default
30,Repaid
31,paid
32,Default
33,Default
34,Default
35,Repaid
36,Repaid
37,Default
38,Default
39,Repaid
40,Default
41,Default
42,Default
43,Default
44,Default
45,Default
46,Default
47,Default
48,Default
49,Repaid
50,Repaid
51,Default
52,Repaid
53,Repaid
54,Default
55,Default
56,Default
57,Repaid
58,Default
59,Default
60,Dfault
61,Default
62,Default
63,Default
64,Default
65,Default
66,Repaid
67,Repaid
68,Repaid
69,Default
70,paid
71,Default
72,Default
73,Repaid
74,Repaid
75,Repaid
76,Default
77,Default
78,Repaid
79,Repaid
80,Default
81,Repaid
82,Repaid
83,Default
84,Default
85,Default
86,Default
87,Default
88,Default
89,Default
90,Default
91,Default
92,Repaid
93,Repaid
94,Repaid
95,Repaid
96,Default
97,Default
98,Repaid
99,Repaid
100,Default
101,Default
102,Repaid
103,Repaid
104,Default
105,Repaid
106,Repaid
107,Repaid
108,Repaid
109,Repaid
110,Repaid
111,Repaid
112,Repaid
113,Repaid
114,Default
115,Repaid
116,Repaid
117,Default
118,Repaid
119,Repaid
120,Default
121,Default
122,Default
123,Repaid
124,Default
125,Default
126,Repaid
127,Repaid
128,Repaid
129,Default
130,Repaid
131,Default
132,Repaid
133,Repaid
134,Repaid
135,Repaid
136,Repaid
137,Default
138,Repaid
139,Default
140,Repaid
141,Repaid
142,Default
143,Repaid
144,Repaid
145,Repaid
146,Repaid
147,Repaid
148,Repaid
149,Repaid
150,Default
151,Default
152,Default
153,Default
154,Default
155,Default
156,Default
157,Default
158,Default
159,Default
160,Default
161,Default
162,Default
163,Default
164,Default
165,Default
166,Default
167,Repaid
168,Repaid
169,Repaid
170,Repaid
171,Repaid
172,Repaid
173,Repaid
174,Repaid
175,Repaid
176,Default
177,Repaid
178,Repaid
179,Default
180,Default
181,Default
182,Default
183,Default
184,Default
185,Default
186,Default
187,Repaid
188,Default
189,Repaid
190,Repaid
191,Repaid
192,Default
193,Repaid
194,Repaid
195,Repaid
196,Repaid
197,Repaid
198,Default
199,Repaid
200,Repaid
201,Repaid
202,Default
203,Repaid
204,Default
205,Default
206,Repaid
207,Repaid
208,Repaid
209,Repaid
210,Repaid
211,Repaid
212,Repaid
213,Repaid
214,Default
215,Repaid
216,Repaid
217,Default
218,Repaid
219,Repaid
220,Default
221,Repaid
222,Repaid
223,Default
224,Repaid
225,Repaid
226,Repaid
227,Repaid
228,Repaid
229,Repaid
230,Repaid
231,Repaid
232,Repaid
233,Default
234,Default
235,Repaid
236,Repaid
237,Repaid
238,Repaid
239,Default
240,Repaid
241,Repaid
242,Repaid
243,Repaid
244,Repaid
245,Default
246,Default
247,Repaid
248,Default
249,Default
250,Repaid
251,Repaid
252,Repaid
253,Repaid
254,Default
255,Default
256,Default
257,Repaid
258,Repaid
259,Default
260,Repaid
261,Repaid
262,Repaid
263,Repaid
264,Default
265,Default
266,Repaid
267,Repaid
268,Repaid
269,Repaid
270,Repaid
271,Repaid
272,Repaid
273,Repaid
274,Repaid
275,Repaid
276,Default
277,Default
278,Default
279,Default
280,Repaid
281,Repaid
282,Repaid
283,Default
284,Repaid
285,Repaid
286,Repaid
287,Repaid
288,Repaid
289,Repaid
290,Repaid
291,Default
292,Repaid
293,Repaid
294,Repaid
295,Repaid
296,Default
297,Repaid
298,Default
299,Repaid
300,Repaid
301,Default
302,Repaid
303,Repaid
304,Default
305,Repaid
306,Repaid
307,Default
308,Default
309,Default
310,Default
311,Default
312,Default
313,Default
314,Default
315,Default
316,Default
317,Repaid
318,Repaid
319,Repaid
320,Repaid
321,Repaid
322,Repaid
323,Repaid
324,Repaid
325,Default
326,Default
327,Default
328,Default
329,Repaid
330,Repaid
331,Default
332,Repaid
333,Repaid
334,Repaid
335,Repaid
336,Repaid
337,Repaid
338,Default
339,Repaid
340,Repaid
341,Repaid
342,Repaid
343,Repaid
344,Repaid
345,Repaid
346,Repaid
347,Repaid
348,Repaid
349,Repaid
350,Repaid
351,Repaid
352,Default
353,Repaid
354,Default
355,Repaid
356,Repaid
357,Repaid
358,Repaid
359,Repaid
360,Repaid
361,Repaid
362,Repaid
363,Repaid
364,Repaid
365,Repaid
366,Repaid
367,Repaid
368,Repaid
369,Default
370,Default
371,Repaid
372,Repaid
373,Repaid
374,Repaid
375,Repaid
376,Default
377,Repaid
378,Repaid
379,Default
380,Repaid
381,Repaid
382,Repaid
383,Repaid
384,Repaid
385,Repaid
386,Repaid
387,Repaid
388,Repaid
389,Repaid
390,Repaid
391,Repaid
392,Repaid
393,Repaid
394,Repaid
395,Repaid
396,Repaid
397,Repaid
398,Default
399,Repaid
400,Repaid
401,Repaid
402,Repaid
403,Repaid
404,Default
405,Default
406,Default
407,Repaid
408,Repaid
409,Repaid
410,Repaid
411,Repaid
412,Default
413,Repaid
414,Repaid
415,Default
416,Repaid
417,Repaid
418,Repaid
419,Repaid
420,Repaid
421,Repaid
422,Repaid
423,Repaid
424,Repaid
425,Repaid
426,Repaid
427,Default
428,Repaid
429,Repaid
430,Repaid
431,Default
432,Default
433,Repaid
434,Repaid
435,Repaid
436,Repaid
437,Repaid
438,Default
439,Repaid
440,Repaid
441,Repaid
442,Repaid
443,Repaid
444,Repaid
445,Repaid
446,Repaid
447,Repaid
448,Default
449,Repaid
450,Repaid
451,Default
452,Repaid
453,Repaid
454,Repaid
455,Repaid
456,Repaid
457,Repaid
458,Repaid
459,Default
460,Default
461,Default
462,Default
463,Repaid
464,Repaid
465,Repaid
466,Repaid
467,Repaid
468,Repaid
469,Repaid
470,Repaid
471,Repaid
472,Repaid
473,Repaid
474,Repaid
475,Repaid
476,Repaid
477,Repaid
478,Repaid
479,Repaid
480,Default
481,Default
482,Default
483,Default
484,Default
485,Default
486,Repaid
487,Repaid
488,Repaid
489,Repaid
490,Repaid
491,Repaid
492,Repaid
493,Repaid
494,Default
495,Default
496,Default
497,Default
498,Default
499,Default
500,Default
501,Default
502,Repaid
503,Default
504,Repaid
505,Repaid
506,Repaid
507,Default
508,Default
509,Repaid
510,Repaid
511,Repaid
512,Repaid
513,Repaid
514,Repaid
515,Repaid
516,Repaid
517,Repaid
518,Repaid
519,Default
520,Repaid
521,Repaid
522,Repaid
523,Repaid
524,Repaid
525,Default
526,Default
527,Repaid
528,Default
529,Repaid
530,Repaid
531,Default
532,Repaid
533,Repaid
534,Default
535,Default
536,Default
537,Default
538,Repaid
539,Repaid
540,Repaid
541,Repaid
542,Repaid
543,Repaid
544,Repaid
545,Repaid
546,Default
547,Repaid
548,Repaid
549,Repaid
550,Repaid
551,Repaid
552,Repaid
553,Repaid
554,Repaid
555,Repaid
556,Default
557,Repaid
558,Repaid
559,Repaid
560,Default
561,Repaid
562,Default
563,Repaid
564,Repaid
565,Default
566,Repaid
567,Repaid
568,Repaid
569,Repaid
570,Repaid
571,Repaid
572,Default
573,Default
574,Default
575,Default
576,Default
577,Default
578,Default
579,Default
580,Default
581,Default
582,Default
583,Repaid
584,Repaid
585,Repaid
586,Default
587,Default
588,Default
589,Default
590,Default
591,Default
592,Repaid
593,Repaid
594,Repaid
595,Default
596,Repaid
597,Repaid
598,Repaid
599,Repaid
600,Repaid
601,Repaid
602,Repaid
603,Repaid
604,Repaid
605,Repaid
606,Repaid
607,Repaid
608,Repaid
609,Repaid
610,Repaid
611,Repaid
612,Default
613,Repaid
614,Repaid
615,Repaid
616,Repaid
617,Default
618,Repaid
619,Repaid
620,Repaid
621,Repaid
622,Repaid
623,Repaid
624,Repaid
625,Repaid
626,Repaid
627,Repaid
628,Repaid
629,Repaid
630,Repaid
631,Default
632,Repaid
633,Repaid
634,Default
635,Repaid
636,Repaid
637,Repaid
638,Repaid
639,Repaid
640,Repaid
641,Repaid
642,Default
643,Repaid
644,Repaid
645,Repaid
646,Repaid
647,Repaid
648,Repaid
649,Repaid
650,Repaid
651,Repaid
652,Repaid
653,Repaid
654,Repaid
655,Default
656,Default
657,Default
658,Default
659,Default
660,Default
661,Default
662,Default
663,Repaid
664,Repaid
665,Repaid
666,Repaid
667,Repaid
668,Repaid
669,Repaid
670,Repaid
671,Repaid
672,Repaid
673,Repaid
674,Repaid
675,Default
676,Default
677,Default
678,Default
679,Default
680,Default
681,Default
682,Repaid
683,Default
684,Repaid
685,Repaid
686,Repaid
687,Repaid
688,Repaid
689,Repaid
690,Repaid
691,Repaid
692,Repaid
693,Repaid
694,Repaid
695,Repaid
696,Repaid
697,Repaid
698,Repaid
699,Repaid
700,Repaid
701,Repaid
702,Default
703,Repaid
704,Repaid
705,Repaid
706,Repaid
707,Default
708,Repaid
709,Repaid
710,Repaid
711,Repaid
712,Repaid
713,Repaid
714,Repaid
715,Repaid
716,Repaid
717,Repaid
718,Repaid
719,Repaid
720,Repaid
721,Repaid
722,Repaid
723,Repaid
724,Default
725,Repaid
726,Repaid
727,Repaid
728,Repaid
729,Repaid
730,Repaid
731,Repaid
732,Default
733,Repaid
734,Repaid
735,Repaid
736,Repaid
737,Repaid
738,Repaid
739,Repaid
740,Default
741,Repaid
742,Repaid
743,Repaid
744,Repaid
745,Repaid
746,Repaid
747,Repaid
748,Default
749,Repaid
750,Repaid
751,Repaid
752,Repaid
753,Repaid
754,Repaid
755,Repaid
756,Repaid
757,Repaid
758,Repaid
759,Default
760,Repaid
761,Repaid
762,Repaid
763,Repaid
764,Repaid
765,Repaid
766,Repaid
767,Repaid
768,Repaid
769,Repaid
770,Repaid
771,Repaid
772,Repaid
773,Repaid
774,Default
775,Repaid
776,Default
777,Repaid
778,Repaid
779,Repaid
780,Repaid
781,Repaid
782,Repaid
783,Repaid
784,Default
785,Repaid
786,Repaid
787,Repaid
788,Default
789,Default
790,Repaid
791,Repaid
792,Repaid
793,Repaid
794,Repaid
795,Default
796,Repaid
797,Repaid
798,Default
799,Default
800,Repaid
801,Repaid
802,Repaid
803,Repaid
804,Repaid
805,Repaid
806,Repaid
807,Repaid
808,Repaid
809,Repaid
810,Default
811,Repaid
812,Repaid
813,Repaid
814,Repaid
815,Repaid
816,Repaid
817,Repaid
818,Repaid
819,Repaid
820,Default
821,Repaid
822,Default
823,Repaid
824,Repaid
825,Repaid
826,Repaid
827,Repaid
828,Repaid
829,Repaid
830,Repaid
831,Repaid
832,Repaid
833,Repaid
834,Default
835,Repaid
836,Repaid
837,Repaid
838,Repaid
839,Repaid
840,Repaid
841,Repaid
842,Repaid
843,Repaid
844,Repaid
845,Repaid
846,Default
847,Repaid
848,Repaid
849,Repaid
850,Repaid
851,Repaid
852,Default
853,Repaid
854,Repaid
855,Repaid
856,Repaid
857,Repaid
858,Repaid
859,Repaid
860,Repaid
861,Repaid
862,Repaid
863,Repaid
864,Repaid
865,Repaid
866,Repaid
867,Repaid
868,Default
869,Default
870,Default
871,Repaid
872,Repaid
873,Default
874,Repaid
875,Repaid
876,Default
877,Default
878,Repaid
879,Default
880,Repaid
881,Repaid
882,Repaid
883,Repaid
884,Repaid
885,Repaid
886,Repaid
887,Default
888,Repaid
889,Repaid
890,Repaid
891,Repaid
892,Default
893,Repaid
894,Default
895,Default
896,Default
897,Default
898,Repaid
899,Repaid
900,Default
901,Repaid
902,Repaid
903,Repaid
904,Repaid
905,Repaid
906,Default
907,Repaid
908,Repaid
909,Repaid
910,Repaid
911,Default
912,Repaid
913,Repaid
914,Default
915,Repaid
916,Default
917,Default
918,Repaid
919,Repaid
920,Repaid
921,Repaid
922,Repaid
923,Repaid
924,Repaid
925,Repaid
926,Default
927,Default
928,Repaid
929,Default
930,Repaid
931,Repaid
932,Repaid
933,Repaid
934,Repaid
935,Repaid
936,Repaid
937,Repaid
938,Default
939,Repaid
940,Repaid
941,Default
942,Default
943,Default
944,Repaid
945,Repaid
946,Repaid
947,Repaid
948,Repaid
949,Repaid
950,Repaid
951,Repaid
952,Repaid
953,Repaid
954,Repaid
955,Repaid
956,Repaid
957,Default
958,Default
959,Repaid
960,Repaid
961,Repaid
962,Repaid
963,Repaid
964,Repaid
965,Repaid
966,Repaid
967,Repaid
968,Repaid
969,Repaid
970,Repaid
971,Repaid
972,Repaid
973,Repaid
974,Repaid
975,Repaid
976,Repaid
977,Default
978,Default
979,Default
980,Repaid
981,Repaid
982,Repaid
983,Repaid
984,Repaid
985,Default
986,Repaid
987,Repaid
988,Repaid
989,Repaid
990,Repaid
991,Repaid
992,Repaid
993,Repaid
994,Default
995,Repaid
996,Repaid
997,Repaid
998,Repaid
999,Repaid
1000,Repaid
1001,Repaid
1002,Repaid
1003,Repaid
1004,Repaid
1005,Repaid
1006,Repaid
1007,Repaid
1008,Repaid
1009,Repaid
1010,Repaid
1011,Repaid
1012,Repaid
1013,Repaid
1014,Repaid
1015,Repaid
1016,Repaid
1017,Repaid
1018,Default
1019,Default
1020,Repaid
1021,Repaid
1022,Repaid
1023,Repaid
1024,Repaid
1025,Repaid
1026,Repaid
1027,Repaid
1028,Repaid
1029,Repaid
1030,Repaid
1031,Repaid
1032,Repaid
1033,Default
1034,Repaid
1035,Default
1036,Repaid
1037,Repaid
1038,Repaid
1039,Repaid
1040,Repaid
1041,Repaid
1042,Default
1043,Repaid
1044,Repaid
1045,Repaid
1046,Repaid
1047,Repaid
1048,Repaid
1049,Default
1050,Repaid
1051,Repaid
1052,Repaid
1053,Repaid
1054,Repaid
1055,Repaid
1056,Repaid
1057,Repaid
1058,Repaid
1059,Repaid
1060,Repaid
1061,Repaid
1062,Default
1063,Repaid
1064,Repaid
1065,Repaid
1066,Default
1067,Default
1068,Repaid
1069,Repaid
1070,Repaid
1071,Repaid
1072,Repaid
1073,Default
1074,Repaid
1075,Repaid
1076,Default
1077,Repaid
1078,Repaid
1079,Repaid
1080,Repaid
1081,Repaid
1082,Repaid
1083,Default
1084,Repaid
1085,Repaid
1086,Repaid
1087,Repaid
1088,Repaid
1089,Repaid
1090,Repaid
1091,Repaid
1092,Repaid
1093,Repaid
1094,Repaid
1095,Repaid
1096,Repaid
1097,Repaid
1098,Repaid
1099,Repaid
1100,Repaid
1101,Repaid
1102,Repaid
1103,Default
1104,Repaid
1105,Repaid
1106,Repaid
1107,Repaid
1108,Default
1109,Repaid
1110,Repaid
1111,Repaid
1112,Repaid
1113,Default
1114,Repaid
1115,Repaid
1116,Default
1117,Repaid
1118,Repaid
1119,Repaid
1120,Repaid
1121,Repaid
1122,Repaid
1123,Repaid
1124,Repaid
1125,Repaid
1126,Default
1127,Repaid
1128,Repaid
1129,Default
1130,Repaid
1131,Repaid
1132,Default
1133,Default
1134,Repaid
1135,Repaid
1136,Repaid
1137,Repaid
1138,Repaid
1139,Repaid
1140,Default
1141,Default
1142,Default
1143,Default
1144,Default
1145,Default
1146,Default
1147,Default
1148,Default
1149,Default
1150,Default
1151,Default
1152,Repaid
1153,Repaid
1154,Repaid
1155,Repaid
1156,Repaid
1157,Repaid
1158,Repaid
1159,Repaid
1160,Repaid
1161,Repaid
1162,Repaid
1163,Repaid
1164,Repaid
1165,Repaid
1166,Repaid
1167,Repaid
1168,Repaid
1169,Repaid
1170,Repaid
1171,Repaid
1172,Repaid
1173,Repaid
1174,Repaid
1175,Default
1176,Default
1177,Default
1178,Default
1179,Default
1180,Default
1181,Default
1182,Default
1183,Default
1184,Default
1185,Default
1186,Default
1187,Default
1188,Default
1189,Default
1190,Default
1191,Default
1192,Default
1193,Default
1194,Default
1195,Default
1196,Default
1197,Default
1198,Default
1199,Default
1200,Default
1201,Default
1202,Default
1203,Default
1204,Repaid
1205,Repaid
1206,Repaid
1207,Default
1208,Repaid
1209,Repaid
1210,Repaid
1211,Repaid
1212,Repaid
1213,Repaid
1214,Repaid
1215,Repaid
1216,Repaid
1217,Default
1218,Repaid
1219,Repaid
1220,Repaid
1221,Repaid
1222,Repaid
1223,Default
1224,Repaid
1225,Repaid
1226,Repaid
1227,Repaid
1228,Repaid
1229,Repaid
1230,Repaid
1231,Repaid
1232,Repaid
1233,Repaid
1234,Repaid
1235,Repaid
1236,Repaid
1237,Repaid
1238,Repaid
1239,Repaid
1240,Repaid
1241,Default
1242,Repaid
1243,Repaid
1244,Repaid
1245,Repaid
1246,Repaid
1247,Default
1248,Repaid
1249,Repaid
1250,Repaid
1251,Repaid
1252,Repaid
1253,Repaid
1254,Default
1255,Repaid
1256,Repaid
1257,Repaid
1258,Repaid
1259,Repaid
1260,Default
1261,Repaid
1262,Repaid
1263,Repaid
1264,Repaid
1265,Repaid
1266,Repaid
1267,Repaid
1268,Repaid
1269,Default
1270,Repaid
1271,Repaid
1272,Repaid
1273,Repaid
1274,Repaid
1275,Repaid
1276,Repaid
1277,Repaid
1278,Repaid
1279,Repaid
1280,Repaid
1281,Repaid
1282,Repaid
1283,Repaid
1284,Repaid
1285,Repaid
1286,Repaid
1287,Repaid
1288,Default
1289,Repaid
1290,Repaid
1291,Repaid
1292,Repaid
1293,Repaid
1294,Repaid
1295,Repaid
1296,Repaid
1297,Repaid
1298,Repaid
1299,Repaid
1300,Repaid
1301,Default
1302,Repaid
1303,Repaid
1304,Default
1305,Repaid
1306,Repaid
1307,Repaid
1308,Repaid
1309,Repaid
1310,Repaid
1311,Repaid
1312,Repaid
1313,Repaid
1314,Repaid
1315,Repaid
1316,Repaid
1317,Repaid
1318,Default
1319,Repaid
1320,Repaid
1321,Default
1322,Repaid
1323,Default
1324,Repaid
1325,Repaid
1326,Default
1327,Repaid
1328,Repaid
1329,Repaid
1330,Default
1331,Repaid
1332,Repaid
1333,Repaid
1334,Repaid
1335,Repaid
1336,Repaid
1337,Repaid
1338,Repaid
1339,Repaid
1340,Repaid
1341,Repaid
1342,Default
1343,Repaid
1344,Repaid
1345,Repaid
1346,Repaid
1347,Repaid
1348,Repaid
1349,Repaid
1350,Default
1351,Default
1352,Repaid
1353,Repaid
1354,Repaid
1355,Repaid
1356,Repaid
1357,Repaid
1358,Repaid
1359,Repaid
1360,Repaid
1361,Repaid
1362,Repaid
1363,Repaid
1364,Repaid
1365,Repaid
1366,Repaid
1367,Repaid
1368,Repaid
1369,Repaid
1370,Repaid
1371,Repaid
1372,Repaid
1373,Repaid
1374,Repaid
1375,Repaid
1376,Default
1377,Repaid
1378,Repaid
1379,Repaid
1380,Default
1381,Default
1382,Repaid
1383,Default
1384,Repaid
1385,Repaid
1386,Repaid
1387,Repaid
1388,Repaid
1389,Repaid
1390,Repaid
1391,Repaid
1392,Repaid
1393,Default
1394,Repaid
1395,Repaid
1396,Default
1397,Repaid
1398,Repaid
1399,Repaid
1400,Repaid
1401,Repaid
1402,Repaid
1403,Repaid
1404,Repaid
1405,Default
1406,Repaid
1407,Default
1408,Default
1409,Repaid
1410,Repaid
1411,Default
1412,Repaid
1413,Repaid
1414,Repaid
1415,Repaid
1416,Default
1417,Repaid
1418,Repaid
1419,Repaid
1420,Repaid
1421,Repaid
1422,Repaid
1423,Repaid
1424,Repaid
1425,Default
1426,Repaid
1427,Repaid
1428,Repaid
1429,Repaid
1430,Default
1431,Repaid
1432,Repaid
1433,Repaid
1434,Repaid
1435,Repaid
1436,Repaid
1437,Repaid
1438,Repaid
1439,Default
1440,Repaid
1441,Repaid
1442,Repaid
1443,Default
1444,Repaid
1445,Repaid
1446,Repaid
1447,Repaid
1448,Repaid
1449,Repaid
1450,Repaid
1451,Repaid
1452,Repaid
1453,Default
1454,Repaid
1455,Default
1456,Default
1457,Repaid
1458,Repaid
1459,Repaid
1460,Repaid
1461,Repaid
1462,Repaid
1463,Default
1464,Default
1465,Default
1466,Default
1467,Default
1468,Default
1469,Default
1470,Default
1471,Repaid
1472,Repaid
1473,Repaid
1474,Repaid
1475,Repaid
1476,Repaid
1477,Repaid
1478,Repaid
1479,Repaid
1480,Repaid
1481,Default
1482,Repaid
1483,Repaid
1484,Default
1485,Repaid
1486,Repaid
1487,Repaid
1488,Repaid
1489,Repaid
1490,Default
1491,Repaid
1492,Repaid
1493,Repaid
1494,Default
1495,Repaid
1496,Repaid
1497,Repaid
1498,Repaid
1499,Repaid
1500,Default
1501,Repaid
1502,Repaid
1503,Repaid
1504,Repaid
1505,Default
1506,Repaid
1507,Repaid
1508,Repaid
1509,Repaid
1510,Repaid
1511,Repaid
1512,Repaid
1513,Repaid
1514,Repaid
1515,Repaid
1516,Repaid
1517,Repaid
1518,Repaid
1519,Repaid
1520,Repaid
1521,Repaid
1522,Repaid
1523,Repaid
1524,Repaid
1525,Default
1526,Repaid
1527,Default
1528,Repaid
1529,Repaid
1530,Repaid
1531,Default
1532,Repaid
1533,Repaid
1534,Repaid
1535,Repaid
1536,Repaid
1537,Repaid
1538,Repaid
1539,Repaid
1540,Repaid
1541,Repaid
1542,Repaid
1543,Repaid
1544,Repaid
1545,Repaid
1546,Repaid
1547,Default
1548,Default
1549,Repaid
1550,Repaid
1551,Repaid
1552,Repaid
1553,Default
1554,Default
1555,Repaid
1556,Repaid
1557,Repaid
1558,Repaid
1559,Repaid
1560,Repaid
1561,Repaid
1562,Repaid
1563,Repaid
1564,Repaid
1565,Repaid
1566,Repaid
1567,Repaid
1568,Repaid
1569,Repaid
1570,Repaid
1571,Repaid
1572,Repaid
1573,Repaid
1574,Repaid
1575,Repaid
1576,Repaid
1577,Repaid
1578,Repaid
1579,Repaid
1580,Repaid
1581,Repaid
1582,Repaid
1583,Repaid
1584,Repaid
1585,Repaid
1586,Repaid
1587,Default
1588,Default
1589,Default
1590,Default
1591,Repaid
1592,Repaid
1593,Repaid
1594,Repaid
1595,Repaid
1596,Repaid
1597,Repaid
1598,Repaid
1599,Repaid
1600,Repaid
1601,Default
1602,Default
1603,Repaid
1604,Repaid
1605,Repaid
1606,Repaid
1607,Default
1608,Default
1609,Repaid
1610,Repaid
1611,Repaid
1612,Repaid
1613,Repaid
1614,Repaid
1615,Repaid
1616,Repaid
1617,Repaid
1618,Repaid
1619,Default
1620,Repaid
1621,Repaid
1622,Repaid
1623,Default
1624,Default
1625,Repaid
1626,Repaid
1627,Repaid
1628,Repaid
1629,Repaid
1630,Repaid
1631,Repaid
1632,Default
1633,Default
1634,Default
1635,Repaid
1636,Repaid
1637,Repaid
1638,Repaid
1639,Repaid
1640,Repaid
1641,Repaid
1642,Repaid
1643,Repaid
1644,Repaid
1645,Repaid
1646,Default
1647,Repaid
1648,Repaid
1649,Repaid
1650,Default
1651,Repaid
1652,Repaid
1653,Repaid
1654,Repaid
1655,Repaid
1656,Repaid
1657,Repaid
1658,Repaid
1659,Repaid
1660,Repaid
1661,Repaid
1662,Repaid
1663,Repaid
1664,Repaid
1665,Repaid
1666,Repaid
1667,Default
1668,Repaid
1669,Repaid
1670,Repaid
1671,Default
1672,Repaid
1673,Repaid
1674,Repaid
1675,Repaid
1676,Repaid
1677,Repaid
1678,Repaid
1679,Default
1680,Default
1681,Repaid
1682,Repaid
1683,Repaid
1684,Default
1685,Repaid
1686,Repaid
1687,Repaid
1688,Default
1689,Repaid
1690,Repaid
1691,Repaid
1692,Repaid
1693,Repaid
1694,Repaid
1695,Repaid
1696,Repaid
1697,Repaid
1698,Repaid
1699,Repaid
1700,Repaid
1701,Repaid
1702,Repaid
1703,Repaid
1704,Repaid
1705,Default
1706,Repaid
1707,Repaid
1708,Repaid
1709,Default
1710,Repaid
1711,Repaid
1712,Default
1713,Default
1714,Default
1715,Default
1716,Repaid
1717,Repaid
1718,Repaid
1719,Repaid
1720,Repaid
1721,Repaid
1722,Repaid
1723,Repaid
1724,Repaid
1725,Repaid
1726,Repaid
1727,Repaid
1728,Repaid
1729,Repaid
1730,Repaid
1731,Repaid
1732,Repaid
1733,Repaid
1734,Repaid
1735,Repaid
1736,Default
1737,Repaid
1738,Repaid
1739,Default
1740,Default
1741,Default
1742,Default
1743,Default
1744,Default
1745,Default
1746,Default
1747,Default
1748,Default
1749,Default
1750,Default
1751,Default
1752,Repaid
1753,Default
1754,Repaid
1755,Repaid
1756,Repaid
1757,Repaid
1758,Repaid
1759,Repaid
1760,Default
1761,Default
1762,Repaid
1763,Repaid
1764,Repaid
1765,Repaid
1766,Default
1767,Repaid
1768,Repaid
1769,Repaid
1770,Default
1771,Repaid
1772,Repaid
1773,Repaid
1774,Repaid
1775,Repaid
1776,Default
1777,Repaid
1778,Repaid
1779,Default
1780,Repaid
1781,Repaid
1782,Repaid
1783,Repaid
1784,Repaid
1785,Repaid
1786,Repaid
1787,Repaid
1788,Repaid
1789,Repaid
1790,Repaid
1791,Repaid
1792,Repaid
1793,Repaid
1794,Repaid
1795,Repaid
1796,Repaid
1797,Repaid
1798,Repaid
1799,Repaid
1800,Default
1801,Repaid
1802,Repaid
1803,Repaid
1804,Repaid
1805,Repaid
1806,Repaid
1807,Repaid
1808,Repaid
1809,Default
1810,Repaid
1811,Repaid
1812,Repaid
1813,Repaid
1814,Repaid
1815,Repaid
1816,Default
1817,Repaid
1818,Repaid
1819,Repaid
1820,Default
1821,Repaid
1822,Repaid
1823,Repaid
1824,Repaid
1825,Default
1826,Default
1827,Default
1828,Default
1829,Repaid
1830,Repaid
1831,Repaid
1832,Repaid
1833,Repaid
1834,Repaid
1835,Repaid
1836,Repaid
1837,Repaid
1838,Repaid
1839,Repaid
1840,Repaid
1841,Repaid
1842,Default
1843,Default
1844,Repaid
1845,Default
1846,Repaid
1847,Repaid
1848,Repaid
1849,Repaid
1850,Default
1851,Repaid
1852,Repaid
1853,Repaid
1854,Repaid
1855,Repaid
1856,Repaid
1857,Default
1858,Repaid
1859,Repaid
1860,Default
1861,Repaid
1862,Default
1863,Repaid
1864,Repaid
1865,Repaid
1866,Repaid
1867,Repaid
1868,Repaid
1869,Default
1870,Repaid
1871,Repaid
1872,Repaid
1873,Repaid
1874,Repaid
1875,Repaid
1876,Repaid
1877,Repaid
1878,Repaid
1879,Default
1880,Default
1881,Default
1882,Repaid
1883,Repaid
1884,Default
1885,Default
1886,Default
1887,Repaid
1888,Repaid
1889,Repaid
1890,Repaid
1891,Repaid
1892,Repaid
1893,Repaid
1894,Repaid
1895,Repaid
1896,Repaid
1897,Repaid
1898,Repaid
1899,Repaid
1900,Repaid
1901,Repaid
1902,Default
1903,Default
1904,Repaid
1905,Repaid
1906,Repaid
1907,Repaid
1908,Default
1909,Default
1910,Repaid
1911,Repaid
1912,Repaid
1913,Repaid
1914,Default
1915,Repaid
1916,Repaid
1917,Repaid
1918,Repaid
1919,Repaid
1920,Repaid
1921,Repaid
1922,Repaid
1923,Repaid
1924,Repaid
1925,Repaid
1926,Repaid
1927,Repaid
1928,Repaid
1929,Repaid
1930,Repaid
1931,Default
1932,Repaid
1933,Repaid
1934,Repaid
1935,Repaid
1936,Repaid
1937,Repaid
1938,Repaid
1939,Repaid
1940,Repaid
1941,Repaid
1942,Repaid
1943,Repaid
1944,Repaid
1945,Repaid
1946,Repaid
1947,Repaid
1948,Repaid
1949,Repaid
1950,Repaid
1951,Repaid
1952,Repaid
1953,Repaid
1954,Repaid
1955,Repaid
1956,Repaid
1957,Default
1958,Repaid
1959,Repaid
1960,Repaid
1961,Repaid
1962,Repaid
1963,Default
1964,Default
1965,Repaid
1966,Repaid
1967,Default
1968,Default
1969,Repaid
1970,Repaid
1971,Repaid
1972,Repaid
1973,Repaid
1974,Default
1975,Repaid
1976,Repaid
1977,Repaid
1978,Repaid
1979,Repaid
1980,Repaid
1981,Repaid
1982,Repaid
1983,Repaid
1984,Repaid
1985,Default
1986,Repaid
1987,Repaid
1988,Repaid
1989,Repaid
1990,Repaid
1991,Repaid
1992,Default
1993,Repaid
1994,Repaid
1995,Repaid
1996,Repaid
1997,Repaid
1998,Repaid
1999,Repaid
2000,Repaid
2001,Default
2002,Repaid
2003,Repaid
2004,Repaid
2005,Default
2006,Repaid
2007,Repaid
2008,Repaid
2009,Repaid
2010,Repaid
2011,Repaid
2012,Repaid
2013,Repaid
2014,Repaid
2015,Repaid
2016,Repaid
2017,Repaid
2018,Default
2019,Repaid
2020,Repaid
2021,Repaid
2022,Repaid
2023,Repaid
2024,Repaid
2025,Repaid
2026,Default
2027,Repaid
2028,Repaid
2029,Repaid
2030,Repaid
2031,Repaid
2032,Repaid
2033,Repaid
2034,Repaid
2035,Repaid
2036,Repaid
2037,Default
2038,Default
2039,Default
2040,Repaid
2041,Repaid
2042,Repaid
2043,Repaid
2044,Repaid
2045,Repaid
2046,Default
2047,Default
2048,Default
2049,Default
2050,Default
2051,Default
2052,Default
2053,Default
2054,Default
2055,Default
2056,Default
2057,Repaid
2058,Repaid
2059,Repaid
2060,Repaid
2061,Repaid
2062,Repaid
2063,Repaid
2064,Repaid
2065,Repaid
2066,Repaid
2067,Repaid
2068,Repaid
2069,Repaid
2070,Repaid
2071,Repaid
2072,Repaid
2073,Default
2074,Repaid
2075,Repaid
2076,Default
2077,Repaid
2078,Repaid
2079,Repaid
2080,Repaid
2081,Repaid
2082,Repaid
2083,Repaid
2084,Repaid
2085,Default
2086,Repaid
2087,Repaid
2088,Repaid
2089,Repaid
2090,Repaid
2091,Repaid
2092,Repaid
2093,Repaid
2094,Repaid
2095,Default
2096,Default
2097,Repaid
2098,Repaid
2099,Repaid
2100,Repaid
2101,Repaid
2102,Repaid
2103,Repaid
2104,Repaid
2105,Default
2106,Repaid
2107,Repaid
2108,Repaid
2109,Repaid
2110,Repaid
2111,Default
2112,Default
2113,Repaid
2114,Repaid
2115,Repaid
2116,Repaid
2117,Repaid
2118,Default
2119,Repaid
2120,Repaid
2121,Repaid
2122,Repaid
2123,Repaid
2124,Repaid
2125,Repaid
2126,Repaid
2127,Repaid
2128,Repaid
2129,Repaid
2130,Repaid
2131,Repaid
2132,Default
2133,Repaid
2134,Repaid
2135,Repaid
2136,Default
2137,Repaid
2138,Repaid
2139,Repaid
2140,Repaid
2141,Default
2142,Repaid
2143,Repaid
2144,Default
2145,Repaid
2146,Repaid
2147,Repaid
2148,Repaid
2149,Repaid
2150,Repaid
2151,Default
2152,Repaid
2153,Repaid
2154,Repaid
2155,Repaid
2156,Repaid
2157,Repaid
2158,Repaid
2159,Repaid
2160,Repaid
2161,Repaid
2162,Repaid
2163,Repaid
2164,Repaid
2165,Repaid
2166,Repaid
2167,Repaid
2168,Repaid
2169,Repaid
2170,Repaid
2171,Repaid
2172,Default
2173,Default
2174,Repaid
2175,Repaid
2176,Default
2177,Default
2178,Default
2179,Default
2180,Repaid
2181,Repaid
2182,Repaid
2183,Repaid
2184,Repaid
2185,Repaid
2186,Repaid
2187,Repaid
2188,Repaid
2189,Repaid
2190,Repaid
2191,Repaid
2192,Repaid
2193,Repaid
2194,Repaid
2195,Repaid
2196,Repaid
2197,Repaid
2198,Repaid
2199,Repaid
2200,Repaid
2201,Repaid
2202,Repaid
2203,Default
2204,Default
2205,Repaid
2206,Repaid
2207,Repaid
2208,Repaid
2209,Repaid
2210,Repaid
2211,Repaid
2212,Repaid
2213,Repaid
2214,Repaid
2215,Repaid
2216,Repaid
2217,Repaid
2218,Repaid
2219,Repaid
2220,Default
2221,Repaid
2222,Repaid
2223,Repaid
2224,Default
2225,Repaid
2226,Repaid
2227,Repaid
2228,Repaid
2229,Default
2230,Repaid
2231,Repaid
2232,Repaid
2233,Repaid
2234,Repaid
2235,Repaid
2236,Repaid
2237,Repaid
2238,Repaid
2239,Repaid
2240,Repaid
2241,Repaid
2242,Repaid
2243,Repaid
2244,Repaid
2245,Repaid
2246,Repaid
2247,Repaid
2248,Repaid
2249,Repaid
2250,Repaid
2251,Repaid
2252,Default
2253,Repaid
2254,Repaid
2255,Repaid
2256,Repaid
2257,Repaid
2258,Repaid
2259,Repaid
2260,Repaid
2261,Default
2262,Repaid
2263,Repaid
2264,Repaid
2265,Default
2266,Repaid
2267,Repaid
2268,Default
2269,Default
2270,Repaid
2271,Repaid
2272,Repaid
2273,Repaid
2274,Default
2275,Repaid
2276,Repaid
2277,Repaid
2278,Repaid
2279,Repaid
2280,Repaid
2281,Repaid
2282,Repaid
2283,Repaid
2284,Default
2285,Repaid
2286,Repaid
2287,Default
2288,Repaid
2289,Repaid
2290,Default
2291,Default
2292,Repaid
2293,Repaid
2294,Repaid
2295,Repaid
2296,Repaid
2297,Repaid
2298,Repaid
2299,Repaid
2300,Repaid
2301,Repaid
2302,Repaid
2303,Default
2304,Repaid
2305,Repaid
2306,Repaid
2307,Repaid
2308,Repaid
2309,Default
2310,Default
2311,Repaid
2312,Repaid
2313,Repaid
2314,Repaid
2315,Repaid
2316,Repaid
2317,Default
2318,Default
2319,Default
2320,Default
2321,Default
2322,Default
2323,Repaid
2324,Repaid
2325,Repaid
2326,Repaid
2327,Repaid
2328,Repaid
2329,Default
2330,Repaid
2331,Repaid
2332,Repaid
2333,Default
2334,Repaid
2335,Repaid
2336,Default
2337,Repaid
2338,Repaid
2339,Repaid
2340,Repaid
2341,Repaid
2342,Repaid
2343,Default
2344,Repaid
2345,Repaid
2346,Repaid
2347,Repaid
2348,Repaid
2349,Repaid
2350,Default
2351,Repaid
2352,Repaid
2353,Repaid
2354,Default
2355,Default
2356,Repaid
2357,Repaid
2358,Repaid
2359,Repaid
2360,Repaid
2361,Default
2362,Repaid
2363,Repaid
2364,Repaid
2365,Repaid
2366,Repaid
2367,Repaid
2368,Repaid
2369,Repaid
2370,Repaid
2371,Repaid
2372,Default
2373,Repaid
2374,Repaid
2375,Repaid
2376,Repaid
2377,Repaid
2378,Repaid
2379,Repaid
2380,Repaid
2381,Repaid
2382,Repaid
2383,Repaid
2384,Repaid
2385,Repaid
2386,Repaid
2387,Repaid
2388,Repaid
2389,Repaid
2390,Repaid
2391,Repaid
2392,Repaid
2393,Repaid
2394,Repaid
2395,Repaid
2396,Repaid
2397,Repaid
2398,Repaid
2399,Repaid
2400,Repaid
2401,Repaid
2402,Repaid
2403,Repaid
2404,Repaid
2405,Repaid
2406,Repaid
2407,Repaid
2408,Repaid
2409,Repaid
2410,Repaid
2411,Default
2412,Default
2413,Repaid
2414,Default
2415,Repaid
2416,Repaid
2417,Repaid
2418,Repaid
2419,Repaid
2420,Repaid
2421,Repaid
2422,Repaid
2423,Repaid
2424,Repaid
2425,Repaid
2426,Repaid
2427,Repaid
2428,Default
2429,Repaid
2430,Repaid
2431,Repaid
2432,Repaid
2433,Repaid
2434,Default
2435,Default
2436,Repaid
2437,Repaid
2438,Repaid
2439,Repaid
2440,Repaid
2441,Repaid
2442,Repaid
2443,Repaid
2444,Repaid
2445,Repaid
2446,Repaid
2447,Repaid
2448,Default
2449,Default
2450,Repaid
2451,Repaid
2452,Repaid
2453,Repaid
2454,Default
2455,Repaid
2456,Repaid
2457,Repaid
2458,Repaid
2459,Repaid
2460,Repaid
2461,Repaid
2462,Repaid
2463,Default
2464,Repaid
2465,Repaid
2466,Repaid
2467,Repaid
2468,Repaid
2469,Repaid
2470,Repaid
2471,Repaid
2472,Repaid
2473,Default
2474,Repaid
2475,Default
2476,Repaid
2477,Repaid
2478,Repaid
2479,Repaid
2480,Repaid
2481,Repaid
2482,Repaid
2483,Repaid
2484,Repaid
2485,Repaid
2486,Repaid
2487,Repaid
2488,Repaid
2489,Repaid
2490,Repaid
2491,Repaid
2492,Default
2493,Default
2494,Repaid
2495,Repaid
2496,Repaid
2497,Repaid
2498,Repaid
2499,Repaid
2500,Repaid
2501,Default
2502,Repaid
2503,Repaid
2504,Repaid
2505,Repaid
2506,Repaid
2507,Repaid
2508,Repaid
2509,Repaid
2510,Repaid
2511,Repaid
2512,Default
2513,Repaid
2514,Repaid
2515,Repaid
2516,Repaid
2517,Repaid
2518,Default
2519,Repaid
2520,Repaid
2521,Repaid
2522,Default
2523,Default
2524,Default
2525,Default
2526,Default
2527,Default
2528,Default
2529,Default
2530,Default
2531,Default
2532,Default
2533,Default
2534,Default
2535,Default
2536,Default
2537,Default
2538,Default
2539,Default
2540,Default
2541,Default
2542,Default
2543,Default
2544,Default
2545,Default
2546,Default
2547,Default
2548,Default
2549,Default
2550,Default
2551,Default
2552,Repaid
2553,Repaid
2554,Repaid
2555,Repaid
2556,Repaid
2557,Repaid
2558,Repaid
2559,Repaid
2560,Repaid
2561,Repaid
2562,Repaid
2563,Repaid
2564,Repaid
2565,Repaid
2566,Repaid
2567,Repaid
2568,Repaid
2569,Repaid
2570,Repaid
2571,Repaid
2572,Repaid
2573,Repaid
2574,Repaid
2575,Repaid
2576,Repaid
2577,Repaid
2578,Repaid
2579,Repaid
2580,Repaid
2581,Repaid
2582,Repaid
2583,Default
2584,Default
2585,Default
2586,Default
2587,Default
2588,Default
2589,Default
2590,Default
2591,Default
2592,Default
2593,Default
2594,Default
2595,Default
2596,Default
2597,Default
2598,Default
2599,Default
2600,Default
2601,Default
2602,Default
2603,Default
2604,Default
2605,Default
2606,Default
2607,Default
2608,Default
2609,Default
2610,Default
2611,Default
2612,Repaid
2613,Repaid
2614,Repaid
2615,Repaid
2616,Repaid
2617,Repaid
2618,Repaid
2619,Repaid
2620,Repaid
2621,Repaid
2622,Repaid
2623,Repaid
2624,Repaid
2625,Default
2626,Repaid
2627,Repaid
2628,Repaid
2629,Repaid
2630,Repaid
2631,Repaid
2632,Repaid
2633,Default
2634,Repaid
2635,Repaid
2636,Default
2637,Repaid
2638,Repaid
2639,Repaid
2640,Repaid
2641,Repaid
2642,Repaid
2643,Repaid
2644,Repaid
2645,Repaid
2646,Repaid
2647,Repaid
2648,Repaid
2649,Default
2650,Repaid
2651,Repaid
2652,Repaid
2653,Repaid
2654,Repaid
2655,Repaid
2656,Repaid
2657,Repaid
2658,Repaid
2659,Repaid
2660,Repaid
2661,Default
2662,Repaid
2663,Repaid
2664,Repaid
2665,Default
2666,Repaid
2667,Repaid
2668,Repaid
2669,Repaid
2670,Repaid
2671,Repaid
2672,Repaid
2673,Repaid
2674,Repaid
2675,Repaid
2676,Repaid
2677,Repaid
2678,Repaid
2679,Repaid
2680,Repaid
2681,Repaid
2682,Repaid
2683,Repaid
2684,Repaid
2685,Repaid
2686,Repaid
2687,Repaid
2688,Repaid
2689,Repaid
2690,Repaid
2691,Repaid
2692,Repaid
2693,Repaid
2694,Repaid
2695,Repaid
2696,Default
2697,Default
2698,Repaid
2699,Repaid
2700,Repaid
2701,Repaid
2702,Repaid
2703,Repaid
2704,Repaid
2705,Repaid
2706,Repaid
2707,Repaid
2708,Repaid
2709,Default
2710,Repaid
2711,Default
2712,Repaid
2713,Repaid
2714,Repaid
2715,Repaid
2716,Repaid
2717,Repaid
2718,Repaid
2719,Default
2720,Repaid
2721,Default
2722,Repaid
2723,Repaid
2724,Repaid
2725,Repaid
2726,Repaid
2727,Repaid
2728,Repaid
2729,Repaid
2730,Repaid
2731,Repaid
2732,Repaid
2733,Repaid
2734,Repaid
2735,Repaid
2736,Repaid
2737,Default
2738,Repaid
2739,Repaid
2740,Repaid
2741,Repaid
2742,Repaid
2743,Repaid
2744,Repaid
2745,Repaid
2746,Repaid
2747,Repaid
2748,Repaid
2749,Repaid
2750,Repaid
2751,Repaid
2752,Default
2753,Default
2754,Default
2755,Repaid
2756,Repaid
2757,Repaid
2758,Repaid
2759,Default
2760,Repaid
2761,Default
2762,Repaid
2763,Repaid
2764,Repaid
2765,Repaid
2766,Repaid
2767,Repaid
2768,Repaid
2769,Repaid
2770,Repaid
2771,Repaid
2772,Repaid
2773,Repaid
2774,Repaid
2775,Repaid
2776,Repaid
2777,Repaid
2778,Default
2779,Default
2780,Repaid
2781,Repaid
2782,Repaid
2783,Default
2784,Repaid
2785,Default
2786,Repaid
2787,Repaid
2788,Repaid
2789,Repaid
2790,Repaid
2791,Repaid
2792,Repaid
2793,Repaid
2794,Repaid
2795,Default
2796,Repaid
2797,Repaid
2798,Repaid
2799,Repaid
2800,Repaid
2801,Default
2802,Default
2803,Repaid
2804,Repaid
2805,Repaid
2806,Repaid
2807,Repaid
2808,Repaid
2809,Repaid
2810,Repaid
2811,Repaid
2812,Repaid
2813,Default
2814,Repaid
2815,Repaid
2816,Repaid
2817,Repaid
2818,Repaid
2819,Repaid
2820,Repaid
2821,Repaid
2822,Repaid
2823,Default
2824,Default
2825,Default
2826,Repaid
2827,Repaid
2828,Repaid
2829,Default
2830,Repaid
2831,Repaid
2832,Repaid
2833,Repaid
2834,Repaid
2835,Repaid
2836,Repaid
2837,Repaid
2838,Repaid
2839,Repaid
2840,Default
2841,Repaid
2842,Default
2843,Repaid
2844,Repaid
2845,Repaid
2846,Repaid
2847,Repaid
2848,Repaid
2849,Repaid
2850,Repaid
2851,Repaid
2852,Repaid
2853,Repaid
2854,Repaid
2855,Repaid
2856,Repaid
2857,Repaid
2858,Repaid
2859,Repaid
2860,Repaid
2861,Default
2862,Default
2863,Repaid
2864,Repaid
2865,Default
2866,Repaid
2867,Repaid
2868,Repaid
2869,Repaid
2870,Repaid
2871,Repaid
2872,Repaid
2873,Repaid
2874,Repaid
2875,Repaid
2876,Repaid
2877,Repaid
2878,Repaid
2879,Repaid
2880,Repaid
2881,Repaid
2882,Repaid
2883,Repaid
2884,Default
2885,Repaid
2886,Repaid
2887,Repaid
2888,Repaid
2889,Repaid
2890,Repaid
2891,Repaid
2892,Repaid
2893,Repaid
2894,Default
2895,Default
2896,Default
2897,Default
2898,Default
2899,Repaid
2900,Repaid
2901,Repaid
2902,Repaid
2903,Repaid
2904,Repaid
2905,Repaid
2906,Repaid
2907,Repaid
2908,Repaid
2909,Repaid
2910,Repaid
2911,Repaid
2912,Repaid
2913,Repaid
2914,Default
2915,Repaid
2916,Repaid
2917,Default
2918,Repaid
2919,Repaid
2920,Repaid
2921,Repaid
2922,Repaid
2923,Repaid
2924,Repaid
2925,Default
2926,Default
2927,Repaid
2928,Repaid
2929,Repaid
2930,Repaid
2931,Repaid
2932,Repaid
2933,Repaid
2934,Repaid
2935,Repaid
2936,Repaid
2937,Repaid
2938,Repaid
2939,Repaid
2940,Repaid
2941,Repaid
2942,Repaid
2943,Repaid
2944,Repaid
2945,Repaid
2946,Repaid
2947,Repaid
2948,Repaid
2949,Default
2950,Repaid
2951,Repaid
2952,Default
2953,Repaid
2954,Repaid
2955,Default
2956,Default
2957,Repaid
2958,Repaid
2959,Repaid
2960,Repaid
2961,Default
2962,Default
2963,Default
2964,Repaid
2965,Repaid
2966,Default
2967,Repaid
2968,Repaid
2969,Repaid
2970,Repaid
2971,Repaid
2972,Repaid
2973,Default
2974,Repaid
2975,Repaid
2976,Default
2977,Repaid
2978,Repaid
2979,Repaid
2980,Repaid
2981,Repaid
2982,Repaid
2983,Repaid
2984,Repaid
2985,Repaid
2986,Repaid
2987,Repaid
2988,Repaid
2989,Default
2990,Repaid
2991,Repaid
2992,Repaid
2993,Repaid
2994,Repaid
2995,Default
2996,Repaid
2997,Repaid
2998,Repaid
2999,Repaid
3000,Repaid
3001,Repaid
3002,Repaid
3003,Repaid
3004,Repaid
3005,Repaid
3006,Repaid
3007,Repaid
3008,Repaid
3009,Repaid
3010,Repaid
3011,Repaid
3012,Default
3013,Repaid
3014,Repaid
3015,Default
3016,Repaid
3017,Repaid
3018,Repaid
3019,Default
3020,Repaid
3021,Repaid
3022,Default
3023,Default
3024,Repaid
3025,Repaid
3026,Repaid
3027,Repaid
3028,Repaid
3029,Default
3030,Default
3031,Default
3032,Repaid
3033,Repaid
3034,Repaid
3035,Default
3036,Repaid
3037,Repaid
3038,Repaid
3039,Repaid
3040,Repaid
3041,Repaid
3042,Repaid
3043,Repaid
3044,Repaid
3045,Repaid
3046,Repaid
3047,Repaid
3048,Repaid
3049,Repaid
3050,Repaid
3051,Repaid
3052,Repaid
3053,Repaid
3054,Repaid
3055,Repaid
3056,Default
3057,Repaid
3058,Repaid
3059,Repaid
3060,Repaid
3061,Repaid
3062,Repaid
3063,Repaid
3064,Repaid
3065,Repaid
3066,Repaid
3067,Repaid
3068,Repaid
3069,Repaid
3070,Repaid
3071,Repaid
3072,Repaid
3073,Repaid
3074,Repaid
3075,Repaid
3076,Repaid
3077,Default
3078,Repaid
3079,Repaid
3080,Repaid
3081,Repaid
3082,Repaid
3083,Repaid
3084,Repaid
3085,Repaid
3086,Repaid
3087,Default
3088,Default
3089,Repaid
3090,Default
3091,Repaid
3092,Repaid
3093,Repaid
3094,Default
3095,Default
3096,Repaid
3097,Repaid
3098,Default
3099,Default
3100,Repaid
3101,Repaid
3102,Repaid
3103,Repaid
3104,Repaid
3105,Repaid
3106,Repaid
3107,Repaid
3108,Repaid
3109,Repaid
3110,Repaid
3111,Repaid
3112,Repaid
3113,Repaid
3114,Repaid
3115,Default
3116,Default
3117,Repaid
3118,Repaid
3119,Repaid
3120,Repaid
3121,Repaid
3122,Repaid
3123,Repaid
3124,Repaid
3125,Repaid
3126,Repaid
3127,Repaid
3128,Repaid
3129,Repaid
3130,Repaid
3131,Default
3132,Repaid
3133,Default
3134,Repaid
3135,Repaid
3136,Repaid
3137,Repaid
3138,Repaid
3139,Repaid
3140,Repaid
3141,Repaid
3142,Repaid
3143,Repaid
3144,Repaid
3145,Repaid
3146,Repaid
3147,Repaid
3148,Repaid
3149,Repaid
3150,Repaid
3151,Repaid
3152,Default
3153,Default
3154,Repaid
3155,Repaid
3156,Repaid
3157,Repaid
3158,Repaid
3159,Repaid
3160,Repaid
3161,Default
3162,Default
3163,Default
3164,Default
3165,Default
3166,Default
3167,Default
3168,Default
3169,Default
3170,Repaid
3171,Repaid
3172,Repaid
3173,Repaid
3174,Default
3175,Repaid
3176,Repaid
3177,Repaid
3178,Repaid
3179,Repaid
3180,Repaid
3181,Repaid
3182,Repaid
3183,Repaid
3184,Repaid
3185,Repaid
3186,Repaid
3187,Repaid
3188,Repaid
3189,Repaid
3190,Repaid
3191,Repaid
3192,Repaid
3193,Default
3194,Repaid
3195,Repaid
3196,Repaid
3197,Repaid
3198,Repaid
3199,Repaid
3200,Repaid
3201,Repaid
3202,Repaid
3203,Repaid
3204,Repaid
3205,Repaid
3206,Repaid
3207,Repaid
3208,Repaid
3209,Repaid
3210,Repaid
3211,Repaid
3212,Default
3213,Repaid
3214,Default
3215,Default
3216,Repaid
3217,Repaid
3218,Repaid
3219,Repaid
3220,Repaid
3221,Repaid
3222,Repaid
3223,Repaid
3224,Repaid
3225,Repaid
3226,Repaid
3227,Repaid
3228,Repaid
3229,Repaid
3230,Repaid
3231,Repaid
3232,Repaid
3233,Repaid
3234,Default
3235,Repaid
3236,Repaid
3237,Repaid
3238,Repaid
3239,Repaid
3240,Repaid
3241,Repaid
3242,Default
3243,Repaid
3244,Repaid
3245,Repaid
3246,Repaid
3247,Repaid
3248,Repaid
3249,Repaid
3250,Repaid
3251,Repaid
3252,Repaid
3253,Repaid
3254,Repaid
3255,Repaid
3256,Repaid
3257,Repaid
3258,Repaid
3259,Repaid
3260,Repaid
3261,Default
3262,Repaid
3263,Repaid
3264,Default
3265,Repaid
3266,Repaid
3267,Repaid
3268,Repaid
3269,Repaid
3270,Repaid
3271,Repaid
3272,Repaid
3273,Repaid
3274,Default
3275,Repaid
3276,Repaid
3277,Repaid
3278,Repaid
3279,Repaid
3280,Default
3281,Repaid
3282,Repaid
3283,Repaid
3284,Repaid
3285,Repaid
3286,Default
3287,Default
3288,Default
3289,Repaid
3290,Repaid
3291,Repaid
3292,Repaid
3293,Default
3294,Repaid
3295,Repaid
3296,Repaid
3297,Repaid
3298,Repaid
3299,Repaid
3300,Repaid
3301,Repaid
3302,Repaid
3303,Repaid
3304,Repaid
3305,Repaid
3306,Default
3307,Repaid
3308,Repaid
3309,Repaid
3310,Repaid
3311,Repaid
3312,Repaid
3313,Repaid
3314,Repaid
3315,Repaid
3316,Repaid
3317,Repaid
3318,Repaid
3319,Repaid
3320,Repaid
3321,Repaid
3322,Repaid
3323,Repaid
3324,Repaid
3325,Repaid
3326,Repaid
3327,Repaid
3328,Repaid
3329,Repaid
3330,Repaid
3331,Repaid
3332,Repaid
3333,Repaid
3334,Repaid
3335,Default
3336,Repaid
3337,Repaid
3338,Repaid
3339,Repaid
3340,Repaid
3341,Repaid
3342,Repaid
3343,Repaid
3344,Repaid
3345,Repaid
3346,Repaid
3347,Repaid
3348,Repaid
3349,Repaid
3350,Repaid
3351,Repaid
3352,Repaid
3353,Repaid
3354,Repaid
3355,Repaid
3356,Repaid
3357,Repaid
3358,Repaid
3359,Repaid
3360,Repaid
3361,Repaid
3362,Default
3363,Repaid
3364,Repaid
3365,Repaid
3366,Repaid
3367,Repaid
3368,Repaid
3369,Repaid
3370,Repaid
3371,Default
3372,Repaid
3373,Repaid
3374,Default
3375,Repaid
3376,Repaid
3377,Repaid
3378,Default
3379,Repaid
3380,Repaid
3381,Repaid
3382,Repaid
3383,Repaid
3384,Repaid
3385,Repaid
3386,Repaid
3387,Repaid
3388,Repaid
3389,Repaid
3390,Repaid
3391,Repaid
3392,Repaid
3393,Repaid
3394,Repaid
3395,Repaid
3396,Repaid
3397,Repaid
3398,Repaid
3399,Repaid
3400,Default
3401,Default
3402,Default
3403,Default
3404,Default
3405,Default
3406,Repaid
3407,Repaid
3408,Repaid
3409,Default
3410,Repaid
3411,Repaid
3412,Repaid
3413,Default
3414,Repaid
3415,Repaid
3416,Repaid
3417,Repaid
3418,Repaid
3419,Repaid
3420,Repaid
3421,Repaid
3422,Repaid
3423,Default
3424,Repaid
3425,Repaid
3426,Repaid
3427,Repaid
3428,Repaid
3429,Repaid
3430,Repaid
3431,Repaid
3432,Repaid
3433,Repaid
3434,Repaid
3435,Repaid
3436,Repaid
3437,Repaid
3438,Repaid
3439,Repaid
3440,Default
3441,Repaid
3442,Repaid
3443,Repaid
3444,Repaid
3445,Default
3446,Repaid
3447,Default
3448,Repaid
3449,Repaid
3450,Repaid
3451,Repaid
3452,Repaid
3453,Repaid
3454,Repaid
3455,Repaid
3456,Default
3457,Repaid
3458,Repaid
3459,Repaid
3460,Repaid
3461,Repaid
3462,Repaid
3463,Repaid
3464,Repaid
3465,Repaid
3466,Repaid
3467,Repaid
3468,Repaid
3469,Repaid
3470,Repaid
3471,Repaid
3472,Default
3473,Repaid
3474,Repaid
3475,Repaid
3476,Repaid
3477,Repaid
3478,Repaid
3479,Repaid
3480,Repaid
3481,Repaid
3482,Repaid
3483,Default
3484,Repaid
3485,Repaid
3486,Repaid
3487,Repaid
3488,Default
3489,Default
3490,Repaid
3491,Repaid
3492,Repaid
3493,Repaid
3494,Repaid
3495,Repaid
3496,Repaid
3497,Repaid
3498,Default
3499,Repaid
3500,Repaid
3501,Repaid
3502,Repaid
3503,Repaid
3504,Repaid
3505,Repaid
3506,Repaid
3507,Repaid
3508,Repaid
3509,Repaid
3510,Repaid
3511,Repaid
3512,Repaid
3513,Repaid
3514,Repaid
3515,Repaid
3516,Repaid
3517,Repaid
3518,Repaid
3519,Repaid
3520,Default
3521,Repaid
3522,Repaid
3523,Default
3524,Repaid
3525,Repaid
3526,Repaid
3527,Repaid
3528,Repaid
3529,Repaid
3530,Repaid
3531,Repaid
3532,Repaid
3533,Repaid
3534,Repaid
3535,Repaid
3536,Repaid
3537,Default
3538,Repaid
3539,Repaid
3540,Repaid
3541,Repaid
3542,Repaid
3543,Repaid
3544,Repaid
3545,Repaid
3546,Default
3547,Repaid
3548,Repaid
3549,Repaid
3550,Repaid
3551,Default
3552,Repaid
3553,Repaid
3554,Repaid
3555,Repaid
3556,Repaid
3557,Repaid
3558,Repaid
3559,Repaid
3560,Repaid
3561,Repaid
3562,Default
3563,Repaid
3564,Repaid
3565,Default
3566,Repaid
3567,Repaid
3568,Repaid
3569,Repaid
3570,Repaid
3571,Repaid
3572,Repaid
3573,Repaid
3574,Default
3575,Repaid
3576,Default
3577,Repaid
3578,Repaid
3579,Repaid
3580,Repaid
3581,Default
3582,Repaid
3583,Repaid
3584,Repaid
3585,Repaid
3586,Repaid
3587,Repaid
3588,Repaid
3589,Repaid
3590,Repaid
3591,Repaid
3592,Repaid
3593,Repaid
3594,Default
3595,Repaid
3596,Default
3597,Repaid
3598,Repaid
3599,Repaid
3600,Repaid
3601,Default
3602,Repaid
3603,Repaid
3604,Repaid
3605,Default
3606,Repaid
3607,Repaid
3608,Repaid
3609,Repaid
3610,Repaid
3611,Repaid
3612,Repaid
3613,Repaid
3614,Repaid
3615,Repaid
3616,Repaid
3617,Repaid
3618,Repaid
3619,Repaid
3620,Repaid
3621,Repaid
3622,Repaid
3623,Repaid
3624,Repaid
3625,Repaid
3626,Default
3627,Default
3628,Default
3629,Default
3630,Default
3631,Repaid
3632,Default
3633,Repaid
3634,Default
3635,Default
3636,Default
3637,Repaid
3638,Repaid
3639,Repaid
3640,Repaid
3641,Repaid
3642,Repaid
3643,Repaid
3644,Repaid
3645,Repaid
3646,Repaid
3647,Repaid
3648,Repaid
3649,Repaid
3650,Default
3651,Repaid
3652,Repaid
3653,Repaid
3654,Repaid
3655,Repaid
3656,Repaid
3657,Repaid
3658,Repaid
3659,Repaid
3660,Repaid
3661,Repaid
3662,Default
3663,Repaid
3664,Repaid
3665,Repaid
3666,Repaid
3667,Repaid
3668,Repaid
3669,Repaid
3670,Default
3671,Repaid
3672,Repaid
3673,Default
3674,Repaid
3675,Repaid
3676,Repaid
3677,Repaid
3678,Repaid
3679,Repaid
3680,Default
3681,Repaid
3682,Repaid
3683,Repaid
3684,Repaid
3685,Repaid
3686,Repaid
3687,Repaid
3688,Repaid
3689,Repaid
3690,Repaid
3691,Default
3692,Default
3693,Repaid
3694,Repaid
3695,Repaid
3696,Default
3697,Repaid
3698,Repaid
3699,Repaid
3700,Repaid
3701,Repaid
3702,Repaid
3703,Default
3704,Default
3705,Repaid
3706,Repaid
3707,Repaid
3708,Repaid
3709,Repaid
3710,Repaid
3711,Repaid
3712,Repaid
3713,Default
3714,Default
3715,Repaid
3716,Default
3717,Repaid
3718,Repaid
3719,Repaid
3720,Repaid
3721,Repaid
3722,Repaid
3723,Repaid
3724,Default
3725,Repaid
3726,Repaid
3727,Repaid
3728,Repaid
3729,Repaid
3730,Repaid
3731,Repaid
3732,Default
3733,Repaid
3734,Repaid
3735,Repaid
3736,Repaid
3737,Repaid
3738,Repaid
3739,Repaid
3740,Repaid
3741,Repaid
3742,Repaid
3743,Repaid
3744,Repaid
3745,Repaid
3746,Repaid
3747,Repaid
3748,Repaid
3749,Repaid
3750,Repaid
3751,Default
3752,Repaid
3753,Repaid
3754,Repaid
3755,Repaid
3756,Repaid
3757,Repaid
3758,Repaid
3759,Repaid
3760,Repaid
3761,Repaid
3762,Repaid
3763,Default
3764,Repaid
3765,Repaid
3766,Default
3767,Default
3768,Default
3769,Default
3770,Default
3771,Default
3772,Default
3773,Repaid
3774,Repaid
3775,Repaid
3776,Repaid
3777,Repaid
3778,Repaid
3779,Repaid
3780,Repaid
3781,Repaid
3782,Repaid
3783,Repaid
3784,Repaid
3785,Repaid
3786,Repaid
3787,Repaid
3788,Repaid
3789,Repaid
3790,Repaid
3791,Repaid
3792,Repaid
3793,Repaid
3794,Repaid
3795,Repaid
3796,Repaid
3797,Repaid
3798,Repaid
3799,Repaid
3800,Repaid
3801,Repaid
3802,Default
3803,Default
3804,Default
3805,Default
3806,Default
3807,Default
3808,Default
3809,Default
3810,Default
3811,Default
3812,Default
3813,Default
3814,Default
3815,Default
3816,Default
3817,Default
3818,Default
3819,Default
3820,Default
3821,Default
3822,Repaid
3823,Repaid
3824,Repaid
3825,Repaid
3826,Repaid
3827,Repaid
3828,Repaid
3829,Repaid
3830,Repaid
3831,Repaid
3832,Repaid
3833,Repaid
3834,Repaid
3835,Repaid
3836,Repaid
3837,Repaid
3838,Repaid
3839,Default
3840,Default
3841,Repaid
3842,Repaid
3843,Repaid
3844,Repaid
3845,Repaid
3846,Repaid
3847,Repaid
3848,Repaid
3849,Repaid
3850,Repaid
3851,Repaid
3852,Repaid
3853,Repaid
3854,Repaid
3855,Repaid
3856,Repaid
3857,Repaid
3858,Repaid
3859,Repaid
3860,Repaid
3861,Repaid
3862,Repaid
3863,Repaid
3864,Default
3865,Repaid
3866,Repaid
3867,Repaid
3868,Repaid
3869,Repaid
3870,Repaid
3871,Default
3872,Repaid
3873,Repaid
3874,Repaid
3875,Repaid
3876,Repaid
3877,Repaid
3878,Repaid
3879,Repaid
3880,Repaid
3881,Default
3882,Repaid
3883,Default
3884,Default
3885,Default
3886,Repaid
3887,Repaid
3888,Repaid
3889,Repaid
3890,Repaid
3891,Repaid
3892,Repaid
3893,Repaid
3894,Repaid
3895,Default
3896,Repaid
3897,Repaid
3898,Repaid
3899,Repaid
3900,Repaid
3901,Repaid
3902,Repaid
3903,Repaid
3904,Repaid
3905,Repaid
3906,Repaid
3907,Repaid
3908,Default
3909,Repaid
3910,Repaid
3911,Default
3912,Repaid
3913,Repaid
3914,Repaid
3915,Repaid
3916,Repaid
3917,Repaid
3918,Repaid
3919,Repaid
3920,Repaid
3921,Repaid
3922,Default
3923,Repaid
3924,Repaid
3925,Repaid
3926,Repaid
3927,Default
3928,Default
3929,Repaid
3930,Repaid
3931,Repaid
3932,Repaid
3933,Repaid
3934,Repaid
3935,Repaid
3936,Repaid
3937,Repaid
3938,Repaid
3939,Repaid
3940,Default
3941,Repaid
3942,Default
3943,Repaid
3944,Repaid
3945,Repaid
3946,Repaid
3947,Repaid
3948,Repaid
3949,Repaid
3950,Repaid
3951,Repaid
3952,Repaid
3953,Repaid
3954,Repaid
3955,Repaid
3956,Repaid
3957,Repaid
3958,Repaid
3959,Repaid
3960,Repaid
3961,Repaid
3962,Repaid
3963,Default
3964,Default
3965,Repaid
3966,Repaid
3967,Repaid
3968,Repaid
3969,Repaid
3970,Repaid
3971,Repaid
3972,Repaid
3973,Repaid
3974,Repaid
3975,Repaid
3976,Repaid
3977,Repaid
3978,Repaid
3979,Repaid
3980,Repaid
3981,Repaid
3982,Repaid
3983,Repaid
3984,Repaid
3985,Repaid
3986,Repaid
3987,Repaid
3988,Repaid
3989,Repaid
3990,Repaid
3991,Repaid
3992,Repaid
3993,Repaid
3994,Repaid
3995,Repaid
3996,Default
3997,Repaid
3998,Repaid
3999,Repaid
4000,Default
4001,Default
4002,Default
4003,Repaid
4004,Repaid
4005,Repaid
4006,Repaid
4007,Repaid
4008,Repaid
4009,Repaid
4010,Repaid
4011,Repaid
4012,Repaid
4013,Repaid
4014,Repaid
4015,Default
4016,Default
4017,Default
4018,Repaid
4019,Repaid
4020,Repaid
4021,Repaid
4022,Repaid
4023,Default
4024,Default
4025,Default
4026,Default
4027,Repaid
4028,Repaid
4029,Repaid
4030,Default
4031,Repaid
4032,Repaid
4033,Repaid
4034,Repaid
4035,Repaid
4036,Repaid
4037,Repaid
4038,Repaid
4039,Default
4040,Repaid
4041,Repaid
4042,Repaid
4043,Repaid
4044,Repaid
4045,Repaid
4046,Repaid
4047,Repaid
4048,Repaid
4049,Repaid
4050,Repaid
4051,Repaid
4052,Default
4053,Repaid
4054,Repaid
4055,Default
4056,Repaid
4057,Repaid
4058,Repaid
4059,Repaid
4060,Repaid
4061,Repaid
4062,Repaid
4063,Repaid
4064,Repaid
4065,Repaid
4066,Repaid
4067,Repaid
4068,Repaid
4069,Repaid
4070,Repaid
4071,Repaid
4072,Repaid
4073,Repaid
4074,Repaid
4075,Repaid
4076,Repaid
4077,Repaid
4078,Repaid
4079,Repaid
4080,Repaid
4081,Repaid
4082,Repaid
4083,Repaid
4084,Repaid
4085,Default
4086,Repaid
4087,Repaid
4088,Repaid
4089,Repaid
4090,Repaid
4091,Default
4092,Default
4093,Repaid
4094,Repaid
4095,Repaid
4096,Repaid
4097,Repaid
4098,Repaid
4099,Repaid
4100,Repaid
4101,Repaid
4102,Repaid
4103,Repaid
4104,Repaid
4105,Repaid
4106,Default
4107,Repaid
4108,Default
4109,Repaid
4110,Repaid
4111,Repaid
4112,Repaid
4113,Repaid
4114,Repaid
4115,Repaid
4116,Repaid
4117,Repaid
4118,Repaid
4119,Repaid
4120,Repaid
4121,Repaid
4122,Repaid
4123,Repaid
4124,Repaid
4125,Repaid
4126,Repaid
4127,Repaid
4128,Repaid
4129,Repaid
4130,Default
4131,Repaid
4132,Repaid
4133,Repaid
4134,Repaid
4135,Repaid
4136,Repaid
4137,Repaid
4138,Repaid
4139,Repaid
4140,Repaid
4141,Repaid
4142,Repaid
4143,Repaid
4144,Repaid
4145,Repaid
4146,Repaid
4147,Default
4148,Repaid
4149,Repaid
4150,Repaid
4151,Repaid
4152,Repaid
4153,Repaid
4154,Repaid
4155,Repaid
4156,Repaid
4157,Repaid
4158,Repaid
4159,Repaid
4160,Repaid
4161,Repaid
4162,Default
4163,Repaid
4164,Repaid
4165,Repaid
4166,Repaid
4167,Repaid
4168,Repaid
4169,Repaid
4170,Repaid
4171,Repaid
4172,Repaid
4173,Repaid
4174,Repaid
4175,Default
4176,Repaid
4177,Default
4178,Repaid
4179,Repaid
4180,Repaid
4181,Repaid
4182,Repaid
4183,Repaid
4184,Repaid
4185,Repaid
4186,Repaid
4187,Default
4188,Repaid
4189,Repaid
4190,Repaid
4191,Repaid
4192,Repaid
4193,Default
4194,Repaid
4195,Repaid
4196,Repaid
4197,Repaid
4198,Repaid
4199,Repaid
4200,Repaid
4201,Repaid
4202,Default
4203,Repaid
4204,Repaid
4205,Repaid
4206,Default
4207,Repaid
4208,Repaid
4209,Repaid
4210,Repaid
4211,Repaid
4212,Repaid
4213,Repaid
4214,Repaid
4215,Repaid
4216,Repaid
4217,Repaid
4218,Repaid
4219,Repaid
4220,Repaid
4221,Repaid
4222,Repaid
4223,Repaid
4224,Repaid
4225,Repaid
4226,Default
4227,Default
4228,Default
4229,Default
4230,Default
4231,Repaid
4232,Repaid
4233,Repaid
4234,Repaid
4235,Repaid
4236,Repaid
4237,Repaid
4238,Repaid
4239,Repaid
4240,Repaid
4241,Repaid
4242,Repaid
4243,Repaid
4244,Repaid
4245,Repaid
4246,Repaid
4247,Repaid
4248,Default
4249,Repaid
4250,Repaid
4251,Repaid
4252,Repaid
4253,Repaid
4254,Repaid
4255,Repaid
4256,Repaid
4257,Repaid
4258,Repaid
4259,Repaid
4260,Repaid
4261,Repaid
4262,Repaid
4263,Repaid
4264,Repaid
4265,Repaid
4266,Repaid
4267,Repaid
4268,Repaid
4269,Repaid
4270,Repaid
4271,Repaid
4272,Repaid
4273,Repaid
4274,Default
4275,Default
4276,Default
4277,Repaid
4278,Repaid
4279,Repaid
4280,Repaid
4281,Repaid
4282,Repaid
4283,Repaid
4284,Repaid
4285,Repaid
4286,Repaid
4287,Repaid
4288,Repaid
4289,Repaid
4290,Repaid
4291,Repaid
4292,Repaid
4293,Repaid
4294,Repaid
4295,Repaid
4296,Repaid
4297,Repaid
4298,Repaid
4299,Repaid
4300,Repaid
4301,Repaid
4302,Default
4303,Repaid
4304,Repaid
4305,Default
4306,Repaid
4307,Default
4308,Repaid
4309,Default
4310,Repaid
4311,Repaid
4312,Repaid
4313,Repaid
4314,Repaid
4315,Repaid
4316,Repaid
4317,Repaid
4318,Repaid
4319,Repaid
4320,Repaid
4321,Repaid
4322,Repaid
4323,Repaid
4324,Repaid
4325,Repaid
4326,Default
4327,Repaid
4328,Repaid
4329,Repaid
4330,Repaid
4331,Repaid
4332,Repaid
4333,Repaid
4334,Repaid
4335,Repaid
4336,Repaid
4337,Repaid
4338,Repaid
4339,Repaid
4340,Repaid
4341,Repaid
4342,Repaid
4343,Repaid
4344,Repaid
4345,Repaid
4346,Repaid
4347,Default
4348,Default
4349,Default
4350,Repaid
4351,Repaid
4352,Repaid
4353,Repaid
4354,Repaid
4355,Repaid
4356,Repaid
4357,Repaid
4358,Repaid
4359,Repaid
4360,Repaid
4361,Repaid
4362,Repaid
4363,Repaid
4364,Repaid
4365,Repaid
4366,Repaid
4367,Repaid
4368,Repaid
4369,Repaid
4370,Default
4371,Repaid
4372,Repaid
4373,Repaid
4374,Repaid
4375,Repaid
4376,Repaid
4377,Repaid
4378,Repaid
4379,Repaid
4380,Repaid
4381,Repaid
4382,Repaid
4383,Repaid
4384,Repaid
4385,Repaid
4386,Repaid
4387,Repaid
4388,Repaid
4389,Repaid
4390,Repaid
4391,Repaid
4392,Default
4393,Repaid
4394,Repaid
4395,Repaid
4396,Repaid
4397,Repaid
4398,Repaid
4399,Repaid
4400,Repaid
4401,Repaid
4402,Repaid
4403,Repaid
4404,Repaid
4405,Repaid
4406,Default
4407,Repaid
4408,Repaid
4409,Default
4410,Repaid
4411,Repaid
4412,Repaid
4413,Repaid
4414,Repaid
4415,Repaid
4416,Repaid
4417,Repaid
4418,Repaid
4419,Repaid
4420,Repaid
4421,Repaid
4422,Repaid
4423,Repaid
4424,Default
4425,Repaid
4426,Repaid
4427,Repaid
4428,Repaid
4429,Default
4430,Default
4431,Repaid
4432,Repaid
4433,Repaid
4434,Default
4435,Default
4436,Default
4437,Repaid
4438,Repaid
4439,Repaid
4440,Repaid
4441,Repaid
4442,Repaid
4443,Repaid
4444,Repaid
4445,Repaid
4446,Repaid
4447,Repaid
4448,Repaid
4449,Repaid
4450,Repaid
4451,Repaid
4452,Repaid
4453,Repaid
4454,Repaid
4455,Repaid
4456,Repaid
4457,Repaid
4458,Default
4459,Repaid
4460,Default
4461,Repaid
4462,Repaid
4463,Repaid
4464,Repaid
4465,Repaid
4466,Repaid
4467,Repaid
4468,Repaid
4469,Default
4470,Default
4471,Repaid
4472,Default
4473,Repaid
4474,Default
4475,Repaid
4476,Repaid
4477,Repaid
4478,Repaid
4479,Repaid
4480,Repaid
4481,Repaid
4482,Repaid
4483,Repaid
4484,Repaid
4485,Repaid
4486,Repaid
4487,Repaid
4488,Repaid
4489,Repaid
4490,Repaid
4491,Repaid
4492,Repaid
4493,Default
4494,Repaid
4495,Repaid
4496,Repaid
4497,Repaid
4498,Repaid
4499,Default
4500,Default
4501,Repaid
4502,Repaid
4503,Repaid
4504,Repaid
4505,Repaid
4506,Repaid
4507,Repaid
4508,Repaid
4509,Repaid
4510,Repaid
4511,Repaid
4512,Repaid
4513,Repaid
4514,Repaid
4515,Repaid
4516,Repaid
4517,Default
4518,Repaid
4519,Repaid
4520,Repaid
4521,Repaid
4522,Repaid
4523,Repaid
4524,Repaid
4525,Repaid
4526,Repaid
4527,Repaid
4528,Repaid
4529,Repaid
4530,Repaid
4531,Repaid
4532,Repaid
4533,Repaid
4534,Repaid
4535,Repaid
4536,Repaid
4537,Repaid
4538,Default
4539,Repaid
4540,Repaid
4541,Repaid
4542,Repaid
4543,Repaid
4544,Repaid
4545,Repaid
4546,Default
4547,Repaid
4548,Repaid
4549,Repaid
4550,Repaid
4551,Repaid
4552,Repaid
4553,Repaid
4554,Repaid
4555,Repaid
4556,Default
4557,Repaid
4558,Default
4559,Default
4560,Repaid
4561,Repaid
4562,Repaid
4563,Repaid
4564,Repaid
4565,Repaid
4566,Repaid
4567,Repaid
4568,Repaid
4569,Repaid
4570,Repaid
4571,Repaid
4572,Repaid
4573,Default
4574,Repaid
4575,Repaid
4576,Repaid
4577,Repaid
4578,Repaid
4579,Repaid
4580,Repaid
4581,Repaid
4582,Repaid
4583,Repaid
4584,Repaid
4585,Repaid
4586,Repaid
4587,Repaid
4588,Default
4589,Default
4590,Repaid
4591,Repaid
4592,Repaid
4593,Repaid
4594,Default
4595,Default
4596,Default
4597,Repaid
4598,Repaid
4599,Repaid
4600,Default
4601,Repaid
4602,Repaid
4603,Default
4604,Repaid
4605,Repaid
4606,Repaid
4607,Repaid
4608,Repaid
4609,Repaid
4610,Repaid
4611,Default
4612,Repaid
4613,Repaid
4614,Repaid
4615,Repaid
4616,Repaid
4617,Default
4618,Default
4619,Default
4620,Repaid
4621,Repaid
4622,Repaid
4623,Repaid
4624,Repaid
4625,Repaid
4626,Repaid
4627,Repaid
4628,Repaid
4629,Repaid
4630,Repaid
4631,Repaid
4632,Repaid
4633,Repaid
4634,Repaid
4635,Repaid
4636,Repaid
4637,Repaid
4638,Repaid
4639,Repaid
4640,Default
4641,Default
4642,Repaid
4643,Default
4644,Repaid
4645,Repaid
4646,Repaid
4647,Repaid
4648,Repaid
4649,Repaid
4650,Repaid
4651,Repaid
4652,Repaid
4653,Repaid
4654,Repaid
4655,Repaid
4656,Repaid
4657,Repaid
4658,Repaid
4659,Repaid
4660,Repaid
4661,Repaid
4662,Repaid
4663,Repaid
4664,Repaid
4665,Repaid
4666,Repaid
4667,Repaid
4668,Repaid
4669,Default
4670,Repaid
4671,Repaid
4672,Repaid
4673,Repaid
4674,Repaid
4675,Repaid
4676,Repaid
4677,Repaid
4678,Repaid
4679,Repaid
4680,Repaid
4681,Repaid
4682,Default
4683,Repaid
4684,Repaid
4685,Repaid
4686,Repaid
4687,Repaid
4688,Repaid
4689,Default
4690,Repaid
4691,Repaid
4692,Repaid
4693,Repaid
4694,Repaid
4695,Repaid
4696,Repaid
4697,Repaid
4698,Repaid
4699,Repaid
4700,Default
4701,Default
4702,Repaid
4703,Repaid
4704,Default
4705,Repaid
4706,Repaid
4707,Repaid
4708,Repaid
4709,Repaid
4710,Repaid
4711,Repaid
4712,Default
4713,Repaid
4714,Repaid
4715,Default
4716,Repaid
4717,Default
4718,Repaid
4719,Repaid
4720,Repaid
4721,Default
4722,Repaid
4723,Repaid
4724,Repaid
4725,Repaid
4726,Repaid
4727,Repaid
4728,Repaid
4729,Repaid
4730,Repaid
4731,Repaid
4732,Repaid
4733,Repaid
4734,Repaid
4735,Repaid
4736,Repaid
4737,Repaid
4738,Repaid
4739,Repaid
4740,Repaid
4741,Repaid
4742,Repaid
4743,Repaid
4744,Repaid
4745,Default
4746,Repaid
4747,Repaid
4748,Repaid
4749,Repaid
4750,Default
4751,Default
4752,Default
4753,Default
4754,Default
4755,Default
4756,Default
4757,Default
4758,Default
4759,Default
4760,Default
4761,Default
4762,Default
4763,Default
4764,Default
4765,Default
4766,Default
4767,Default
4768,Default
4769,Default
4770,Default
4771,Default
4772,Default
4773,Default
4774,Default
4775,Default
4776,Default
4777,Default
4778,Default
4779,Default
4780,Default
4781,Default
4782,Default
4783,Default
4784,Repaid
4785,Repaid
4786,Repaid
4787,Repaid
4788,Repaid
4789,Repaid
4790,Repaid
4791,Repaid
4792,Repaid
4793,Repaid
4794,Repaid
4795,Repaid
4796,Repaid
4797,Repaid
4798,Repaid
4799,Repaid
4800,Repaid
4801,Repaid
4802,Repaid
4803,Repaid
4804,Repaid
4805,Repaid
4806,Repaid
4807,Repaid
4808,Repaid
4809,Repaid
4810,Repaid
4811,Repaid
4812,Repaid
4813,Repaid
4814,Repaid
4815,Repaid
4816,Repaid
4817,Repaid
4818,Repaid
4819,Repaid
4820,Repaid
4821,Repaid
4822,Repaid
4823,Repaid
4824,Repaid
4825,Repaid
4826,Repaid
4827,Repaid
4828,Repaid
4829,Repaid
4830,Repaid
4831,Repaid
4832,Repaid
4833,Repaid
4834,Repaid
4835,Repaid
4836,Repaid
4837,Repaid
4838,Default
4839,Repaid
4840,Default
4841,Repaid
4842,Repaid
4843,Repaid
4844,Repaid
4845,Repaid
4846,Default
4847,Repaid
4848,Repaid
4849,Repaid
4850,Repaid
4851,Repaid
4852,Repaid
4853,Repaid
4854,Repaid
4855,Default
4856,Repaid
4857,Repaid
4858,Default
4859,Repaid
4860,Repaid
4861,Repaid
4862,Repaid
4863,Repaid
4864,Repaid
4865,Repaid
4866,Repaid
4867,Repaid
4868,Repaid
4869,Repaid
4870,Repaid
4871,Repaid
4872,Repaid
4873,Repaid
4874,Repaid
4875,Repaid
4876,Repaid
4877,Repaid
4878,Default
4879,Repaid
4880,Default
4881,Repaid
4882,Default
4883,Repaid
4884,Default
4885,Repaid
4886,Repaid
4887,Repaid
4888,Repaid
4889,Repaid
4890,Repaid
4891,Repaid
4892,Repaid
4893,Repaid
4894,Repaid
4895,Repaid
4896,Repaid
4897,Repaid
4898,Default
4899,Repaid
4900,Repaid
4901,Repaid
4902,Repaid
4903,Repaid
4904,Repaid
4905,Repaid
4906,Repaid
4907,Repaid
4908,Repaid
4909,Repaid
4910,Repaid
4911,Repaid
4912,Default
4913,Repaid
4914,Repaid
4915,Default
4916,Repaid
4917,Default
4918,Repaid
4919,Repaid
4920,Repaid
4921,Repaid
4922,Repaid
4923,Repaid
4924,Default
4925,Repaid
4926,Default
4927,Repaid
4928,Repaid
4929,Repaid
4930,Repaid
4931,Repaid
4932,Repaid
4933,Repaid
4934,Repaid
4935,Default
4936,Default
4937,Repaid
4938,Repaid
4939,Repaid
4940,Repaid
4941,Repaid
4942,Repaid
4943,Repaid
4944,Repaid
4945,Repaid
4946,Repaid
4947,Repaid
4948,Repaid
4949,Repaid
4950,Repaid
4951,Repaid
4952,Default
4953,Repaid
4954,Repaid
4955,Repaid
4956,Repaid
4957,Repaid
4958,Repaid
4959,Repaid
4960,Repaid
4961,Repaid
4962,Default
4963,Repaid
4964,Repaid
4965,Repaid
4966,Repaid
4967,Repaid
4968,Repaid
4969,Repaid
4970,Repaid
4971,Repaid
4972,Repaid
4973,Repaid
4974,Repaid
4975,Repaid
4976,Repaid
4977,Repaid
4978,Repaid
4979,Repaid
4980,Repaid
4981,Repaid
4982,Repaid
4983,Repaid
4984,Repaid
4985,Repaid
4986,Repaid
4987,Repaid
4988,Repaid
4989,Repaid
4990,Repaid
4991,Repaid
4992,Repaid
4993,Repaid
4994,Repaid
4995,Repaid
4996,Repaid
4997,Repaid
4998,Repaid
4999,Repaid
5000,Repaid
5001,Repaid
5002,Repaid
5003,Repaid
5004,Repaid
5005,Default
5006,Repaid
5007,Default
5008,Default
5009,Repaid
5010,Repaid
5011,Repaid
5012,Repaid
5013,Repaid
5014,Default
5015,Repaid
5016,Repaid
5017,Repaid
5018,Repaid
5019,Repaid
5020,Default
5021,Repaid
5022,Repaid
5023,Repaid
5024,Repaid
5025,Repaid
5026,Repaid
5027,Repaid
5028,Repaid
5029,Repaid
5030,Repaid
5031,Repaid
5032,Repaid
5033,Repaid
5034,Repaid
5035,Repaid
5036,Repaid
5037,Repaid
5038,Repaid
5039,Repaid
5040,Default
5041,Repaid
5042,Repaid
5043,Repaid
5044,Repaid
5045,Repaid
5046,Default
5047,Default
5048,Repaid
5049,Repaid
5050,Repaid
5051,Repaid
5052,Repaid
5053,Default
5054,Repaid
5055,Repaid
5056,Repaid
5057,Repaid
5058,Repaid
5059,Repaid
5060,Repaid
5061,Repaid
5062,Default
5063,Repaid
5064,Repaid
5065,Repaid
5066,Repaid
5067,Repaid
5068,Default
5069,Repaid
5070,Repaid
5071,Repaid
5072,Repaid
5073,Repaid
5074,Repaid
5075,Repaid
5076,Repaid
5077,Default
5078,Repaid
5079,Repaid
5080,Repaid
5081,Repaid
5082,Repaid
5083,Repaid
5084,Repaid
5085,Repaid
5086,Repaid
5087,Repaid
5088,Repaid
5089,Repaid
5090,Repaid
5091,Repaid
5092,Repaid
5093,Default
5094,Repaid
5095,Repaid
5096,Repaid
5097,Repaid
5098,Repaid
5099,Repaid
5100,Repaid
5101,Repaid
5102,Repaid
5103,Default
5104,Repaid
5105,Repaid
5106,Repaid
5107,Repaid
5108,Repaid
5109,Repaid
5110,Repaid
5111,Repaid
5112,Default
5113,Repaid
5114,Repaid
5115,Repaid
5116,Repaid
5117,Default
5118,Repaid
5119,Repaid
5120,Repaid
5121,Repaid
5122,Repaid
5123,Repaid
5124,Repaid
5125,Default
5126,Repaid
5127,Repaid
5128,Repaid
5129,Default
5130,Repaid
5131,Repaid
5132,Repaid
5133,Repaid
5134,Repaid
5135,Repaid
5136,Repaid
5137,Repaid
5138,Repaid
5139,Repaid
5140,Repaid
5141,Repaid
5142,Repaid
5143,Repaid
5144,Repaid
5145,Repaid
5146,Repaid
5147,Repaid
5148,Repaid
5149,Repaid
5150,Repaid
5151,Repaid
5152,Default
5153,Repaid
5154,Repaid
5155,Default
5156,Default
5157,Repaid
5158,Repaid
5159,Repaid
5160,Repaid
5161,Default
5162,Default
5163,Default
5164,Repaid
5165,Repaid
5166,Repaid
5167,Repaid
5168,Repaid
5169,Repaid
5170,Repaid
5171,Repaid
5172,Repaid
5173,Repaid
5174,Repaid
5175,Repaid
5176,Repaid
5177,Repaid
5178,Repaid
5179,Repaid
5180,Repaid
5181,Repaid
5182,Default
5183,Repaid
5184,Repaid
5185,Repaid
5186,Repaid
5187,Repaid
5188,Default
5189,Repaid
5190,Repaid
5191,Repaid
5192,Repaid
5193,Repaid
5194,Repaid
5195,Repaid
5196,Default
5197,Default
5198,Repaid
5199,Repaid
5200,Repaid
5201,Repaid
5202,Repaid
5203,Repaid
5204,Default
5205,Default
5206,Repaid
5207,Default
5208,Repaid
5209,Repaid
5210,Repaid
5211,Repaid
5212,Repaid
5213,Repaid
5214,Repaid
5215,Repaid
5216,Repaid
5217,Repaid
5218,Repaid
5219,Repaid
5220,Repaid
5221,Repaid
5222,Default
5223,Repaid
5224,Repaid
5225,Repaid
5226,Repaid
5227,Repaid
5228,Repaid
5229,Repaid
5230,Repaid
5231,Repaid
5232,Default
5233,Repaid
5234,Repaid
5235,Repaid
5236,Repaid
5237,Repaid
5238,Repaid
5239,Repaid
5240,Repaid
5241,Repaid
5242,Repaid
5243,Repaid
5244,Repaid
5245,Repaid
5246,Repaid
5247,Repaid
5248,Repaid
5249,Default
5250,Repaid
5251,Repaid
5252,Repaid
5253,Repaid
5254,Repaid
5255,Repaid
5256,Repaid
5257,Repaid
5258,Repaid
5259,Repaid
5260,Repaid
5261,Repaid
5262,Repaid
5263,Default
5264,Repaid
5265,Repaid
5266,Repaid
5267,Repaid
5268,Repaid
5269,Default
5270,Repaid
5271,Repaid
5272,Repaid
5273,Repaid
5274,Repaid
5275,Repaid
5276,Repaid
5277,Repaid
5278,Repaid
5279,Repaid
5280,Repaid
5281,Repaid
5282,Repaid
5283,Default
5284,Repaid
5285,Repaid
5286,Repaid
5287,Repaid
5288,Repaid
5289,Repaid
5290,Repaid
5291,Default
5292,Default
5293,Default
5294,Default
5295,Repaid
5296,Repaid
5297,Repaid
5298,Repaid
5299,Repaid
5300,Repaid
5301,Repaid
5302,Default
5303,Repaid
5304,Repaid
5305,Repaid
5306,Repaid
5307,Repaid
5308,Default
5309,Repaid
5310,Repaid
5311,Repaid
5312,Repaid
5313,Repaid
5314,Repaid
5315,Repaid
5316,Repaid
5317,Repaid
5318,Default
5319,Repaid
5320,Repaid
5321,Repaid
5322,Repaid
5323,Repaid
5324,Repaid
5325,Repaid
5326,Repaid
5327,Repaid
5328,Repaid
5329,Default
5330,Default
5331,Default
5332,Default
5333,Repaid
5334,Repaid
5335,Repaid
5336,Repaid
5337,Default
5338,Repaid
5339,Repaid
5340,Repaid
5341,Repaid
5342,Default
5343,Default
5344,Repaid
5345,Repaid
5346,Repaid
5347,Repaid
5348,Repaid
5349,Default
5350,Repaid
5351,Repaid
5352,Repaid
5353,Repaid
5354,Repaid
5355,Repaid
5356,Repaid
5357,Repaid
5358,Repaid
5359,Repaid
5360,Repaid
5361,Repaid
5362,Repaid
5363,Repaid
5364,Repaid
5365,Default
5366,Repaid
5367,Repaid
5368,Repaid
5369,Repaid
5370,Repaid
5371,Repaid
5372,Repaid
5373,Repaid
5374,Repaid
5375,Repaid
5376,Default
5377,Repaid
5378,Repaid
5379,Repaid
5380,Repaid
5381,Repaid
5382,Default
5383,Repaid
5384,Repaid
5385,Default
5386,Repaid
5387,Repaid
5388,Default
5389,Repaid
5390,Repaid
5391,Repaid
5392,Repaid
5393,Repaid
5394,Repaid
5395,Repaid
5396,Repaid
5397,Repaid
5398,Default
5399,Repaid
5400,Repaid
5401,Repaid
5402,Repaid
5403,Repaid
5404,Repaid
5405,Repaid
5406,Default
5407,Default
5408,Default
5409,Default
5410,Repaid
5411,Repaid
5412,Repaid
5413,Repaid
5414,Repaid
5415,Repaid
5416,Repaid
5417,Default
5418,Repaid
5419,Repaid
5420,Repaid
5421,Repaid
5422,Repaid
5423,Repaid
5424,Repaid
5425,Repaid
5426,Repaid
5427,Repaid
5428,Repaid
5429,Repaid
5430,Repaid
5431,Repaid
5432,Repaid
5433,Default
5434,Repaid
5435,Repaid
5436,Default
5437,Repaid
5438,Repaid
5439,Repaid
5440,Repaid
5441,Repaid
5442,Repaid
5443,Repaid
5444,Repaid
5445,Repaid
5446,Repaid
5447,Default
5448,Repaid
5449,Repaid
5450,Repaid
5451,Repaid
5452,Repaid
5453,Repaid
5454,Default
5455,Repaid
5456,Repaid
5457,Repaid
5458,Repaid
5459,Repaid
5460,Repaid
5461,Repaid
5462,Repaid
5463,Repaid
5464,Repaid
5465,Repaid
5466,Repaid
5467,Repaid
5468,Repaid
5469,Default
5470,Repaid
5471,Repaid
5472,Repaid
5473,Repaid
5474,Repaid
5475,Repaid
5476,Default
5477,Repaid
5478,Repaid
5479,Repaid
5480,Repaid
5481,Default
5482,Repaid
5483,Default
5484,Repaid
5485,Repaid
5486,Repaid
5487,Repaid
5488,Repaid
5489,Repaid
5490,Default
5491,Repaid
5492,Repaid
5493,Repaid
5494,Default
5495,Repaid
5496,Repaid
5497,Repaid
5498,Repaid
5499,Repaid
5500,Repaid
5501,Repaid
5502,Repaid
5503,Repaid
5504,Repaid
5505,Repaid
5506,Repaid
5507,Repaid
5508,Repaid
5509,Repaid
5510,Repaid
5511,Repaid
5512,Repaid
5513,Repaid
5514,Repaid
5515,Repaid
5516,Repaid
5517,Repaid
5518,Repaid
5519,Repaid
5520,Repaid
5521,Repaid
5522,Repaid
5523,Repaid
5524,Repaid
5525,Repaid
5526,Repaid
5527,Repaid
5528,Repaid
5529,Default
5530,Repaid
5531,Default
5532,Repaid
5533,Repaid
5534,Repaid
5535,Repaid
5536,Default
5537,Repaid
5538,Repaid
5539,Repaid
5540,Repaid
5541,Repaid
5542,Repaid
5543,Default
5544,Repaid
5545,Repaid
5546,Default
5547,Repaid
5548,Repaid
5549,Repaid
5550,Repaid
5551,Repaid
5552,Repaid
5553,Repaid
5554,Repaid
5555,Repaid
5556,Repaid
5557,Repaid
5558,Repaid
5559,Repaid
5560,Repaid
5561,Repaid
5562,Repaid
5563,Default
5564,Repaid
5565,Repaid
5566,Repaid
5567,Repaid
5568,Default
5569,Repaid
5570,Repaid
5571,Repaid
5572,Repaid
5573,Repaid
5574,Repaid
5575,Repaid
5576,Repaid
5577,Repaid
5578,Repaid
5579,Repaid
5580,Repaid
5581,Repaid
5582,Repaid
5583,Default
5584,Repaid
5585,Repaid
5586,Repaid
5587,Default
5588,Repaid
5589,Repaid
5590,Repaid
5591,Repaid
5592,Default
5593,Default
5594,Repaid
5595,Default
5596,Repaid
5597,Repaid
5598,Repaid
5599,Repaid
5600,Default
5601,Repaid
5602,Repaid
5603,Repaid
5604,Repaid
5605,Repaid
5606,Repaid
5607,Repaid
5608,Repaid
5609,Repaid
5610,Repaid
5611,Repaid
5612,Repaid
5613,Repaid
5614,Default
5615,Default
5616,Default
5617,Repaid
5618,Default
5619,Repaid
5620,Repaid
5621,Repaid
5622,Repaid
5623,Repaid
5624,Repaid
5625,Repaid
5626,Repaid
5627,Repaid
5628,Repaid
5629,Repaid
5630,Default
5631,Repaid
5632,Default
5633,Default
5634,Default
5635,Repaid
5636,Repaid
5637,Repaid
5638,Repaid
5639,Default
5640,Default
5641,Repaid
5642,Repaid
5643,Default
5644,Repaid
5645,Repaid
5646,Default
5647,Repaid
5648,Default
5649,Repaid
5650,Repaid
5651,Repaid
5652,Default
5653,Repaid
5654,Repaid
5655,Repaid
5656,Repaid
5657,Default
5658,Repaid
5659,Repaid
5660,Repaid
5661,Default
5662,Default
5663,Default
5664,Default
5665,Default
5666,Default
5667,Default
5668,Repaid
5669,Repaid
5670,Repaid
5671,Repaid
5672,Repaid
5673,Repaid
5674,Default
5675,Repaid
5676,Repaid
5677,Repaid
5678,Repaid
5679,Repaid
5680,Repaid
5681,Repaid
5682,Repaid
5683,Repaid
5684,Repaid
5685,Repaid
5686,Repaid
5687,Repaid
5688,Default
5689,Repaid
5690,Repaid
5691,Repaid
5692,Repaid
5693,Repaid
5694,Default
5695,Repaid
5696,Repaid
5697,Default
5698,Repaid
5699,Repaid
5700,Repaid
5701,Repaid
5702,Repaid
5703,Repaid
5704,Default
5705,Repaid
5706,Repaid
5707,Default
5708,Default
5709,Default
5710,Repaid
5711,Repaid
5712,Default
5713,Repaid
5714,Default
5715,Default
5716,Default
5717,Repaid
5718,Repaid
5719,Repaid
5720,Repaid
5721,Repaid
5722,Repaid
5723,Repaid
5724,Default
5725,Repaid
5726,Repaid
5727,Repaid
5728,Repaid
5729,Repaid
5730,Repaid
5731,Repaid
5732,Default
5733,Repaid
5734,Repaid
5735,Repaid
5736,Repaid
5737,Repaid
5738,Repaid
5739,Repaid
5740,Repaid
5741,Repaid
5742,Default
5743,Repaid
5744,Repaid
5745,Repaid
5746,Repaid
5747,Default
5748,Default
5749,Repaid
5750,Repaid
5751,Repaid
5752,Repaid
5753,Default
5754,Repaid
5755,Repaid
5756,Repaid
5757,Repaid
5758,Repaid
5759,Repaid
5760,Repaid
5761,Default
5762,Default
5763,Repaid
5764,Repaid
5765,Default
5766,Repaid
5767,Repaid
5768,Default
5769,Repaid
5770,Repaid
5771,Default
5772,Repaid
5773,Repaid
5774,Default
5775,Default
5776,Repaid
5777,Repaid
5778,Default
5779,Repaid
5780,Repaid
5781,Repaid
5782,Default
5783,Repaid
5784,Default
5785,Default
5786,Repaid
5787,Repaid
5788,Repaid
5789,Repaid
5790,Repaid
5791,Repaid
5792,Repaid
5793,Repaid
5794,Default
5795,Repaid
5796,Repaid
5797,Repaid
5798,Repaid
5799,Repaid
5800,Repaid
5801,Repaid
5802,Repaid
5803,Repaid
5804,Default
5805,Default
5806,Repaid
5807,Repaid
5808,Repaid
5809,Default
5810,Default
5811,Default
5812,Default
5813,Repaid
5814,Repaid
5815,Repaid
5816,Repaid
5817,Default
5818,Default
5819,Default
5820,Default
5821,Default
5822,Default
5823,Default
5824,Repaid
5825,Repaid
5826,Repaid
5827,Default
5828,Repaid
5829,Default
5830,Default
5831,Repaid
5832,Repaid
5833,Repaid
5834,Default
5835,Repaid
5836,Repaid
5837,Repaid
5838,Default
5839,Repaid
5840,Repaid
5841,Repaid
5842,Repaid
5843,Repaid
5844,Repaid
5845,Repaid
5846,Repaid
5847,Repaid
5848,Repaid
5849,Repaid
5850,Repaid
5851,Repaid
5852,Repaid
5853,Repaid
5854,Repaid
5855,Repaid
5856,Repaid
5857,Repaid
5858,Repaid
5859,Repaid
5860,Repaid
5861,Repaid
5862,Repaid
5863,Repaid
5864,Repaid
5865,Repaid
5866,Repaid
5867,Repaid
5868,Repaid
5869,Repaid
5870,Repaid
5871,Repaid
5872,Repaid
5873,Repaid
5874,Repaid
5875,Default
5876,Repaid
5877,Default
5878,Default
5879,Repaid
5880,Repaid
5881,Repaid
5882,Repaid
5883,Default
5884,Repaid
5885,Repaid
5886,Repaid
5887,Default
5888,Repaid
5889,Repaid
5890,Repaid
5891,Repaid
5892,Repaid
5893,Repaid
5894,Repaid
5895,Repaid
5896,Repaid
5897,Default
5898,Repaid
5899,Repaid
5900,Repaid
5901,Default
5902,Repaid
5903,Repaid
5904,Repaid
5905,Default
5906,Repaid
5907,Repaid
5908,Repaid
5909,Repaid
5910,Repaid
5911,Repaid
5912,Repaid
5913,Default
5914,Repaid
5915,Repaid
5916,Repaid
5917,Repaid
5918,Repaid
5919,Repaid
5920,Repaid
5921,Repaid
5922,Repaid
5923,Repaid
5924,Repaid
5925,Repaid
5926,Repaid
5927,Repaid
5928,Repaid
5929,Repaid
5930,Repaid
5931,Default
5932,Default
5933,Default
5934,Default
5935,Default
5936,Repaid
5937,Repaid
5938,Repaid
5939,Repaid
5940,Repaid
5941,Repaid
5942,Repaid
5943,Repaid
5944,Repaid
5945,Repaid
5946,Repaid
5947,Repaid
5948,Repaid
5949,Repaid
5950,Repaid
5951,Repaid
5952,Repaid
5953,Repaid
5954,Repaid
5955,Repaid
5956,Repaid
5957,Repaid
5958,Repaid
5959,Repaid
5960,Repaid
